Visit,Status,Targets,Configs,Orbits,Start_UT,start_UT_date,start_UT_time,start_TimeISO,End_UT,exp_(s)
5,Archived,MACSJ0717+3745,ACS/WFC,4,4/2/2004 5:34,2004-04-02,5:34:45,2004-04-02 05:34:45,4/2/2004 11:25,21046
8,Archived,MACSJ1149+2223,ACS/WFC,4,4/22/2004 13:56,2004-04-22,13:56:57,2004-04-22 13:56:57,4/22/2004 21:10,26007
8,Archived,MACSJ0717.5+3745-POS5,ACS/WFC,3,1/24/2005 23:12,2005-01-24,23:12:14,2005-01-24 23:12:14,1/25/2005 6:13,25294
1,Archived,MACSJ0717.5+3745-POS5,ACS/WFC,1,1/25/2005 6:54,2005-01-25,6:54:54,2005-01-25 06:54:54,1/25/2005 7:50,3349
3,Archived,MACSJ0717.5+3745-POS5,ACS/WFC,3,1/27/2005 5:37,2005-01-27,5:37:23,2005-01-27 05:37:23,1/27/2005 10:46,18523
4,Archived,MACSJ0717.5+3745-POS5,ACS/WFC,3,1/27/2005 11:40,2005-01-27,11:40:52,2005-01-27 11:40:52,1/27/2005 15:47,14814
7,Archived,MACSJ0717.5+3745-POS5,ACS/WFC,3,1/27/2005 16:31,2005-01-27,16:31:00,2005-01-27 16:31:00,1/27/2005 21:54,19426
5,Archived,MACSJ0717.5+3745-POS5,ACS/WFC,3,1/30/2005 18:04,2005-01-30,18:04:27,2005-01-30 18:04:27,1/30/2005 23:40,20150
6,Archived,MACSJ0717.5+3745-POS5,ACS/WFC,3,2/1/2005 9:59,2005-02-01,9:59:45,2005-02-01 09:59:45,2/1/2005 14:07,14860
9,Archived,MACSJ0717.5+3745-POS5,ACS/WFC,3,2/1/2005 14:51,2005-02-01,14:51:07,2005-02-01 14:51:07,2/1/2005 18:56,14701
10,Archived,MACSJ0717.5+3745-POS5,ACS/WFC,3,2/4/2005 13:13,2005-02-04,13:13:21,2005-02-04 13:13:21,2/4/2005 17:16,14581
11,Archived,MACSJ0717.5+3745-POS5,ACS/WFC,3,2/4/2005 18:01,2005-02-04,18:01:20,2005-02-04 18:01:20,2/4/2005 22:06,14718
12,Archived,MACSJ0717.5+3745-POS5,ACS/WFC,3,2/5/2005 6:43,2005-02-05,6:43:42,2005-02-05 06:43:42,2/5/2005 10:51,14873
13,Archived,MACSJ0717.5+3745-POS5,ACS/WFC,3,2/5/2005 11:37,2005-02-05,11:37:21,2005-02-05 11:37:21,2/5/2005 15:39,14521
14,Archived,MACSJ0717.5+3745-POS5,ACS/WFC,3,2/5/2005 16:25,2005-02-05,16:25:09,2005-02-05 16:25:09,2/5/2005 20:27,14540
15,Archived,MACSJ0717.5+3745-POS5,ACS/WFC,3,2/5/2005 21:07,2005-02-05,21:07:05,2005-02-05 21:07:05,2/6/2005 1:14,14872
16,Archived,MACSJ0717.5+3745-POS5,ACS/WFC,3,2/8/2005 13:10,2005-02-08,13:10:52,2005-02-08 13:10:52,2/8/2005 17:12,14468
2,Archived,MACSJ0717.5+3745-POS5,ACS/WFC,3,2/8/2005 8:22,2005-02-08,8:22:13,2005-02-08 08:22:13,2/8/2005 12:24,14520
17,Archived,MACSJ0717.5+3745-POS5,ACS/WFC,3,2/8/2005 17:58,2005-02-08,17:58:39,2005-02-08 17:58:39,2/8/2005 21:59,14469
18,Archived,MACSJ0717.5+3745-POS5,ACS/WFC,3,2/9/2005 11:33,2005-02-09,11:33:54,2005-02-09 11:33:54,2/9/2005 15:35,14468
4,Archived,MACSJ0717+3745,ACS/WFC,1,10/25/2005 22:16,2005-10-25,22:16:07,2005-10-25 22:16:07,10/25/2005 23:19,3781
7,Archived,MACSJ1149+2223,ACS/WFC,1,5/25/2006 10:51,2006-05-25,10:51:52,2006-05-25 10:51:52,5/25/2006 11:54,3729
4,Archived,MACSJ0717+3745,ACS/WFC,1,10/13/2006 10:55,2006-10-13,10:55:26,2006-10-13 10:55:26,10/13/2006 11:56,3642
5,Archived,ABELL370,WFC3/IR,2,9/28/2009 19:31,2009-09-28,19:31:11,2009-09-28 19:31:11,9/28/2009 21:58,8862
1,Archived,ABELL370,WFC3/IR,2,10/17/2009 12:32,2009-10-17,12:32:47,2009-10-17 12:32:47,10/17/2009 15:01,8906
2,Archived,ABELL370,WFC3/IR,2,10/18/2009 3:14,2009-10-18,3:14:50,2009-10-18 03:14:50,10/18/2009 6:40,12340
3,Archived,ABELL370,WFC3/IR,2,10/19/2009 4:30,2009-10-19,4:30:03,2009-10-19 04:30:03,10/19/2009 6:57,8870
4,Archived,ABELL370,WFC3/IR,2,10/19/2009 7:41,2009-10-19,7:41:48,2009-10-19 07:41:48,10/19/2009 10:09,8870
7,Archived,ABELL370,WFC3/IR,2,10/20/2009 7:39,2009-10-20,7:39:51,2009-10-20 07:39:51,10/20/2009 10:07,8869
8,Archived,ABELL370,WFC3/IR,2,10/20/2009 10:51,2009-10-20,10:51:35,2009-10-20 10:51:35,10/20/2009 13:19,8869
6,Archived,ABELL370,WFC3/IR,2,12/30/2009 21:32,2009-12-30,21:32:56,2009-12-30 21:32:56,12/30/2009 23:56,8619
1,Archived,ABELL-0370,ACS/WFC,6,7/16/2009 18:39,2009-07-16,18:39:37,2009-07-16 18:39:37,7/17/2009 3:31,31919
12,Archived,ABELL-370-WFC3,WFC3/IR,2,12/19/2010 15:47,2010-12-19,15:47:14,2010-12-19 15:47:14,12/19/2010 19:47,14405
22,Archived,ABELL-370,ACS/WFC,4,12/20/2010 7:44,2010-12-20,7:44:34,2010-12-20 07:44:34,12/20/2010 13:29,20668
1,Archived,ABELL-2744-NORTH,ACS/WFC,2,10/27/2009 4:00,2009-10-27,4:00:15,2009-10-27 04:00:15,10/27/2009 6:35,9308
2,Archived,ABELL-2744-SOUTH,ACS/WFC,2,10/27/2009 7:12,2009-10-27,7:12:03,2009-10-27 07:12:03,10/27/2009 9:47,9304
3,Archived,ABELL-2744-NORTH,ACS/WFC,2,10/27/2009 10:23,2009-10-27,10:23:53,2009-10-27 10:23:53,10/27/2009 12:58,9299.000001
4,Archived,ABELL-2744-SOUTH,ACS/WFC,2,10/29/2009 10:21,2009-10-29,10:21:35,2009-10-29 10:21:35,10/29/2009 12:55,9221
5,Archived,ABELL-2744-NORTH,ACS/WFC,2,10/29/2009 13:33,2009-10-29,13:33:28,2009-10-29 13:33:28,10/29/2009 16:11,9471.999999
6,Archived,ABELL-2744-SOUTH,ACS/WFC,2,10/30/2009 7:08,2009-10-30,7:08:49,2009-10-30 07:08:49,10/30/2009 9:41,9186
7,Archived,ABELL-2744-NORTH,ACS/WFC,2,10/30/2009 10:20,2009-10-30,10:20:44,2009-10-30 10:20:44,10/30/2009 12:53,9180
8,Archived,ABELL-2744-SOUTH,ACS/WFC,2,10/30/2009 13:32,2009-10-30,13:32:37,2009-10-30 13:32:37,10/30/2009 16:09,9384
B0,Archived,MACS1149+2223,ACS/WFC_WFC3/IR_WFC3/UVIS,1,12/4/2010 21:39,2010-12-04,21:39:52,2010-12-04 21:39:52,12/4/2010 22:46,4009.999999
B1,Archived,MACS1149+2223,ACS/WFC_WFC3/IR,1,12/4/2010 23:15,2010-12-04,23:15:44,2010-12-04 23:15:44,12/5/2010 0:25,4179
A0,Archived,MACS1149+2223,ACS/WFC_WFC3/IR_WFC3/UVIS,1,1/15/2011 23:12,2011-01-15,23:12:42,2011-01-15 23:12:42,1/16/2011 0:23,4257
A2,Archived,MACS1149+2223,ACS/WFC_WFC3/IR,1,1/16/2011 0:48,2011-01-16,0:48:34,2011-01-16 00:48:34,1/16/2011 1:58,4179
A3,Archived,MACS1149+2223,ACS/WFC_WFC3/IR_WFC3/UVIS,1,1/30/2011 14:48,2011-01-30,14:48:24,2011-01-30 14:48:24,1/30/2011 15:59,4257
A4,Archived,MACS1149+2223,ACS/WFC_WFC3/IR,1,1/30/2011 16:24,2011-01-30,16:24:15,2011-01-30 16:24:15,1/30/2011 17:33,4179
A5,Archived,MACS1149+2223,ACS/WFC_WFC3/IR_WFC3/UVIS,1,2/13/2011 6:15,2011-02-13,6:15:48,2011-02-13 06:15:48,2/13/2011 7:26,4257.000001
A6,Archived,MACS1149+2223,ACS/WFC_WFC3/UVIS,1,2/13/2011 7:51,2011-02-13,7:51:38,2011-02-13 07:51:38,2/13/2011 9:03,4321
A7,Archived,MACS1149+2223,ACS/WFC_WFC3/UVIS,1,2/13/2011 9:27,2011-02-13,9:27:29,2011-02-13 09:27:29,2/13/2011 10:39,4321
B3,Archived,MACS1149+2223,ACS/WFC_WFC3/UVIS,1,2/15/2011 1:23,2011-02-15,1:23:35,2011-02-15 01:23:35,2/15/2011 2:35,4321
B4,Archived,MACS1149+2223,ACS/WFC_WFC3/UVIS,1,2/15/2011 2:59,2011-02-15,2:59:25,2011-02-15 02:59:25,2/15/2011 4:11,4321
A8,Archived,MACS1149+2223,ACS/WFC_WFC3/IR_WFC3/UVIS,1,2/27/2011 0:56,2011-02-27,0:56:25,2011-02-27 00:56:25,2/27/2011 2:06,4205
A9,Archived,MACS1149+2223,ACS/WFC_WFC3/IR,1,2/27/2011 2:40,2011-02-27,2:40:37,2011-02-27 02:40:37,2/27/2011 4:38,7069
B5,Archived,MACS1149+2223,ACS/WFC_WFC3/IR_WFC3/UVIS,1,2/27/2011 12:07,2011-02-27,12:07:17,2011-02-27 12:07:17,2/27/2011 13:28,4867.999999
B6,Archived,MACS1149+2223,ACS/WFC_WFC3/IR_WFC3/UVIS,2,2/27/2011 13:43,2011-02-27,13:43:08,2011-02-27 13:43:08,2/27/2011 16:46,10979
B7,Archived,MACS1149+2223,ACS/WFC_WFC3/IR_WFC3/UVIS,1,3/9/2011 18:06,2011-03-09,18:06:29,2011-03-09 18:06:29,3/9/2011 19:17,4257
B8,Archived,MACS1149+2223,ACS/WFC_WFC3/IR,1,3/9/2011 20:00,2011-03-09,20:00:44,2011-03-09 20:00:44,3/9/2011 21:57,7011
B0,Archived,MACS0717+3745,ACS/WFC_WFC3/IR_WFC3/UVIS,1,8/31/2011 21:50,2011-08-31,21:50:48,2011-08-31 21:50:48,8/31/2011 23:03,4340
B1,Archived,MACS0717+3745,ACS/WFC_WFC3/IR,1,8/31/2011 23:26,2011-08-31,23:26:36,2011-08-31 23:26:36,9/1/2011 0:37,4262
B3,Archived,MACS0717+3745,ACS/WFC_WFC3/UVIS,2,9/20/2011 21:16,2011-09-20,21:16:14,2011-09-20 21:16:14,9/21/2011 0:04,10094
B5,Archived,MACS0717+3745,ACS/WFC_WFC3/IR_WFC3/UVIS,1,10/10/2011 21:52,2011-10-10,21:52:20,2011-10-10 21:52:20,10/10/2011 23:04,4340.000001
B6,Archived,MACS0717+3745,ACS/WFC_WFC3/IR_WFC3/UVIS,2,10/10/2011 23:28,2011-10-10,23:28:49,2011-10-10 23:28:49,10/11/2011 2:16,10045
A0,Archived,MACS0717+3745,ACS/WFC_WFC3/IR_WFC3/UVIS,1,10/10/2011 7:30,2011-10-10,7:30:10,2011-10-10 07:30:10,10/10/2011 8:42,4340
A2,Archived,MACS0717+3745,ACS/WFC_WFC3/IR,1,10/10/2011 9:05,2011-10-10,9:05:58,2011-10-10 09:05:58,10/10/2011 10:17,4262
A3,Archived,MACS0717+3745,ACS/WFC_WFC3/IR_WFC3/UVIS,1,10/29/2011 19:17,2011-10-29,19:17:29,2011-10-29 19:17:29,10/29/2011 20:29,4340
A4,Archived,MACS0717+3745,ACS/WFC_WFC3/IR,1,10/29/2011 20:53,2011-10-29,20:53:20,2011-10-29 20:53:20,10/29/2011 22:04,4262
B7,Archived,MACS0717+3745,ACS/WFC_WFC3/IR_WFC3/UVIS,1,10/30/2011 14:27,2011-10-30,14:27:46,2011-10-30 14:27:46,10/30/2011 15:40,4340
B8,Archived,MACS0717+3745,ACS/WFC_WFC3/IR,1,10/30/2011 16:03,2011-10-30,16:03:38,2011-10-30 16:03:38,10/30/2011 17:14,4262
A6,Archived,MACS0717+3745,ACS/WFC_WFC3/UVIS,2,11/19/2011 16:57,2011-11-19,16:57:42,2011-11-19 16:57:42,11/19/2011 20:15,11897
A8,Archived,MACS0717+3745,ACS/WFC_WFC3/IR_WFC3/UVIS,1,12/8/2011 22:17,2011-12-08,22:17:13,2011-12-08 22:17:13,12/8/2011 23:29,4326
A9,Archived,MACS0717+3745,ACS/WFC_WFC3/IR,1,12/8/2011 23:53,2011-12-08,23:53:01,2011-12-08 23:53:01,12/9/2011 1:04,4262
A0,Archived,RXJ2248-4431,ACS/WFC_WFC3/IR_WFC3/UVIS,1,8/30/2012 6:50,2012-08-30,6:50:56,2012-08-30 06:50:56,8/30/2012 8:01,4208.999999
A1,Archived,RXJ2248-4431,ACS/WFC_WFC3/IR_WFC3/UVIS,1,8/30/2012 8:26,2012-08-30,8:26:39,2012-08-30 08:26:39,8/30/2012 9:36,4209
A2,Archived,RXJ2248-4431,ACS/WFC_WFC3/IR,1,8/30/2012 10:02,2012-08-30,10:02:22,2012-08-30 10:02:22,8/30/2012 11:11,4144
A3,Archived,RXJ2248-4431,ACS/WFC_WFC3/IR_WFC3/UVIS,1,9/12/2012 10:42,2012-09-12,10:42:37,2012-09-12 10:42:37,9/12/2012 11:52,4208.999999
A4,Archived,RXJ2248-4431,ACS/WFC_WFC3/IR,1,9/12/2012 12:18,2012-09-12,12:18:21,2012-09-12 12:18:21,9/12/2012 13:27,4144
A5,Archived,RXJ2248-4431,ACS/WFC_WFC3/IR_WFC3/UVIS,1,9/24/2012 11:50,2012-09-24,11:50:04,2012-09-24 11:50:04,9/24/2012 13:12,4959
A6,Archived,RXJ2248-4431,ACS/WFC_WFC3/UVIS,2,9/24/2012 13:28,2012-09-24,13:28:28,2012-09-24 13:28:28,9/24/2012 16:29,10890
B0,Archived,RXJ2248-4431,ACS/WFC_WFC3/IR_WFC3/UVIS,1,9/26/2012 16:30,2012-09-26,16:30:51,2012-09-26 16:30:51,9/26/2012 17:41,4209
B1,Archived,RXJ2248-4431,ACS/WFC_WFC3/IR,1,9/26/2012 18:06,2012-09-26,18:06:37,2012-09-26 18:06:37,9/26/2012 19:15,4144
A8,Archived,RXJ2248-4431,ACS/WFC_WFC3/IR_WFC3/UVIS,1,10/4/2012 19:10,2012-10-04,19:10:20,2012-10-04 19:10:20,10/4/2012 20:20,4209
A9,Archived,RXJ2248-4431,ACS/WFC_WFC3/IR,1,10/4/2012 20:54,2012-10-04,20:54:41,2012-10-04 20:54:41,10/4/2012 22:54,7215
B2,Archived,RXJ2248-4431,ACS/WFC_WFC3/IR_WFC3/UVIS,1,10/9/2012 12:25,2012-10-09,12:25:53,2012-10-09 12:25:53,10/9/2012 13:36,4208.999999
B3,Archived,RXJ2248-4431,ACS/WFC_WFC3/UVIS,2,10/9/2012 14:02,2012-10-09,14:02:34,2012-10-09 14:02:34,10/9/2012 16:47,9913
B5,Archived,RXJ2248-4431,ACS/WFC_WFC3/IR_WFC3/UVIS,1,10/22/2012 8:18,2012-10-22,8:18:12,2012-10-22 08:18:12,10/22/2012 9:28,4208.999999
B6,Archived,RXJ2248-4431,ACS/WFC_WFC3/IR_WFC3/UVIS,2,10/22/2012 9:57,2012-10-22,9:57:33,2012-10-22 09:57:33,10/22/2012 12:39,9687
B7,Archived,RXJ2248-4431,ACS/WFC_WFC3/IR_WFC3/UVIS,1,11/4/2012 0:56,2012-11-04,0:56:55,2012-11-04 00:56:55,11/4/2012 2:07,4209
B8,Archived,RXJ2248-4431,ACS/WFC_WFC3/IR,1,11/4/2012 2:32,2012-11-04,2:32:37,2012-11-04 02:32:37,11/4/2012 3:41,4144
A0,Archived,MACS0416-2403,ACS/WFC_WFC3/IR_WFC3/UVIS,1,7/24/2012 1:33,2012-07-24,1:33:26,2012-07-24 01:33:26,7/24/2012 2:45,4316
A1,Archived,MACS0416-2403,ACS/WFC_WFC3/IR_WFC3/UVIS,1,7/24/2012 3:09,2012-07-24,3:09:11,2012-07-24 03:09:11,7/24/2012 4:21,4316
A2,Archived,MACS0416-2403,ACS/WFC_WFC3/IR,1,7/24/2012 4:44,2012-07-24,4:44:57,2012-07-24 04:44:57,7/24/2012 5:55,4251
A3,Archived,MACS0416-2403,ACS/WFC_WFC3/IR_WFC3/UVIS,1,8/5/2012 18:20,2012-08-05,18:20:35,2012-08-05 18:20:35,8/5/2012 19:32,4316
A4,Archived,MACS0416-2403,ACS/WFC_WFC3/IR,1,8/5/2012 19:56,2012-08-05,19:56:20,2012-08-05 19:56:20,8/5/2012 21:07,4251
A5,Archived,MACS0416-2403,ACS/WFC_WFC3/IR_WFC3/UVIS,1,8/18/2012 19:06,2012-08-18,19:06:30,2012-08-18 19:06:30,8/18/2012 20:18,4316
A6,Archived,MACS0416-2403,ACS/WFC_WFC3/UVIS,2,8/18/2012 20:42,2012-08-18,20:42:53,2012-08-18 20:42:53,8/18/2012 23:31,10098
B0,Archived,MACS0416-2403,ACS/WFC_WFC3/IR_WFC3/UVIS,1,8/20/2012 12:35,2012-08-20,12:35:21,2012-08-20 12:35:21,8/20/2012 13:47,4316
B1,Archived,MACS0416-2403,ACS/WFC_WFC3/IR,1,8/20/2012 14:11,2012-08-20,14:11:05,2012-08-20 14:11:05,8/20/2012 15:21,4251
A8,Archived,MACS0416-2403,ACS/WFC_WFC3/IR_WFC3/UVIS,1,8/31/2012 16:41,2012-08-31,16:41:54,2012-08-31 16:41:54,8/31/2012 18:16,5651
A9,Archived,MACS0416-2403,ACS/WFC_WFC3/IR,1,8/31/2012 18:16,2012-08-31,18:16:05,2012-08-31 18:16:05,8/31/2012 19:26,4251
B2,Archived,MACS0416-2403,ACS/WFC_WFC3/IR_WFC3/UVIS,1,9/2/2012 14:55,2012-09-02,14:55:59,2012-09-02 14:55:59,9/2/2012 16:25,5383
B3,Archived,MACS0416-2403,ACS/WFC_WFC3/UVIS,2,9/2/2012 16:35,2012-09-02,16:35:04,2012-09-02 16:35:04,9/2/2012 19:49,11637
B5,Archived,MACS0416-2403,ACS/WFC_WFC3/IR_WFC3/UVIS,1,9/14/2012 17:31,2012-09-14,17:31:06,2012-09-14 17:31:06,9/14/2012 18:56,5148
B6,Archived,MACS0416-2403,ACS/WFC_WFC3/IR_WFC3/UVIS,2,9/14/2012 19:09,2012-09-14,19:09:02,2012-09-14 19:09:02,9/14/2012 22:12,11027
B7,Archived,MACS0416-2403,ACS/WFC_WFC3/IR_WFC3/UVIS,1,9/27/2012 16:39,2012-09-27,16:39:56,2012-09-27 16:39:56,9/27/2012 17:51,4316
B8,Archived,MACS0416-2403,ACS/WFC_WFC3/IR,1,9/27/2012 18:15,2012-09-27,18:15:40,2012-09-27 18:15:40,9/27/2012 19:26,4251
A1,Archived,ABELL-2744,ACS/WFC_WFC3/IR,1,8/23/2013 10:15,2013-08-23,10:15:47,2013-08-23 10:15:47,8/23/2013 12:29,8047
AA,Archived,ABELL-2744,ACS/WFC_WFC3/IR,1,8/25/2013 2:04,2013-08-25,2:04:53,2013-08-25 02:04:53,8/25/2013 3:16,4286
K0,Archived,MACS0416,ACS/WFC_WFC3/IR,1,2/1/2014 7:51,2014-02-01,7:51:57,2014-02-01 07:51:57,2/1/2014 9:02,4216
K1,Archived,MACS0416,ACS/WFC_WFC3/IR,1,2/1/2014 9:27,2014-02-01,9:27:34,2014-02-01 09:27:34,2/1/2014 10:36,4117
T3,Archived,A2744-IR,ACS/WFC_WFC3/IR,1,6/9/2014 1:14,2014-06-09,1:14:37,2014-06-09 01:14:37,6/9/2014 2:23,4141
T4,Archived,A2744-IR,WFC3/IR,1,6/25/2014 2:58,2014-06-25,2:58:04,2014-06-25 02:58:04,6/25/2014 5:07,7746
T5,Archived,A2744-IR,ACS/WFC_WFC3/IR,1,7/3/2014 19:18,2014-07-03,19:18:53,2014-07-03 19:18:53,7/3/2014 20:26,4046
T6,Archived,A2744-IR,ACS/WFC_WFC3/IR,1,7/12/2014 0:59,2014-07-12,0:59:29,2014-07-12 00:59:29,7/12/2014 2:06,4046
T7,Archived,A2744-IR,ACS/WFC_WFC3/IR,1,7/22/2014 14:18,2014-07-22,14:18:17,2014-07-22 14:18:17,7/22/2014 16:20,7335
T8,Archived,A2744-IR,ACS/WFC_WFC3/IR,1,8/17/2014 14:33,2014-08-17,14:33:51,2014-08-17 14:33:51,8/17/2014 15:39,3940
S1,Archived,M0416-IR,ACS/WFC_WFC3/IR,2,9/15/2014 16:33,2014-09-15,16:33:43,2014-09-15 16:33:43,9/15/2014 19:15,9720
S2,Archived,M0416-ACS,ACS/WFC_WFC3/IR,1,9/16/2014 22:46,2014-09-16,22:46:37,2014-09-16 22:46:37,9/16/2014 23:55,4124
S3,Archived,M0416-ACS,ACS/WFC_WFC3/IR,1,9/16/2014 21:11,2014-09-16,21:11:04,2014-09-16 21:11:04,9/16/2014 22:19,4124
S4,Archived,M0416-IR,ACS/WFC_WFC3/IR,1,9/22/2014 7:47,2014-09-22,7:47:15,2014-09-22 07:47:15,9/22/2014 10:12,8720
S5,Archived,M0416-IR,ACS/WFC_WFC3/IR,1,9/28/2014 1:08,2014-09-28,1:08:54,2014-09-28 01:08:54,9/28/2014 3:25,8219
9,Archived,MACSJ1149,ACS/WFC_WFC3/UVIS,4,11/12/2013 20:12,2013-11-12,20:12:39,2013-11-12 20:12:39,11/13/2013 2:10,21464
1,Archived,ABELL2744,ACS/WFC_WFC3/UVIS,4,11/16/2013 1:34,2013-11-16,1:34:21,2013-11-16 01:34:21,11/16/2013 7:32,21472
2,Archived,ABELL2744,ACS/WFC_WFC3/UVIS,4,11/17/2013 6:16,2013-11-17,6:16:35,2013-11-17 06:16:35,11/17/2013 12:13,21426
3,Archived,ABELL2744,ACS/WFC_WFC3/UVIS,4,11/19/2013 7:41,2013-11-19,7:41:48,2013-11-19 07:41:48,11/19/2013 13:40,21502
4,Archived,ABELL2744,ACS/WFC_WFC3/UVIS,4,11/20/2013 6:01,2013-11-20,6:01:24,2013-11-20 06:01:24,11/20/2013 11:57,21364
10,Archived,MACSJ1149,ACS/WFC_WFC3/UVIS,4,12/12/2013 14:31,2013-12-12,14:31:44,2013-12-12 14:31:44,12/12/2013 20:28,21416
11,Archived,MACSJ1149,ACS/WFC_WFC3/UVIS,4,12/13/2013 16:01,2013-12-13,16:01:54,2013-12-13 16:01:54,12/13/2013 21:58,21415
12,Archived,MACSJ1149,ACS/WFC_WFC3/UVIS,4,12/16/2013 17:20,2013-12-16,17:20:37,2013-12-16 17:20:37,12/16/2013 23:18,21461
5,Archived,MACSJ0717,ACS/WFC_WFC3/UVIS,4,3/3/2014 8:26,2014-03-03,8:26:24,2014-03-03 08:26:24,3/3/2014 14:25,21536
6,Archived,MACSJ0717,ACS/WFC_WFC3/UVIS,4,4/6/2014 2:07,2014-04-06,2:07:26,2014-04-06 02:07:26,4/6/2014 8:01,21248
7,Archived,MACSJ0717,ACS/WFC_WFC3/UVIS,4,4/8/2014 8:15,2014-04-08,8:15:40,2014-04-08 08:15:40,4/8/2014 14:13,21466
8,Archived,MACSJ0717,ACS/WFC_WFC3/UVIS,4,4/10/2014 23:58,2014-04-10,23:58:06,2014-04-10 23:58:06,4/11/2014 5:55,21435
31,Archived,MACS0717.5+3745,ACS/WFC_WFC3/IR,4,12/24/2013 14:50,2013-12-24,14:50:08,2013-12-24 14:50:08,12/24/2013 20:42,21168
32,Archived,MACS0717.5+3745,ACS/WFC_WFC3/IR,3,12/30/2013 14:15,2013-12-30,14:15:13,2013-12-30 14:15:13,12/30/2013 18:31,15406
30,Archived,MACS0717.5+3745,ACS/WFC_WFC3/IR,3,2/12/2014 21:55,2014-02-12,21:55:53,2014-02-12 21:55:53,2/13/2014 4:57,25291
29,Archived,MACS0717.5+3745,ACS/WFC_WFC3/IR,4,2/19/2014 11:18,2014-02-19,11:18:21,2014-02-19 11:18:21,2/19/2014 17:08,20989
22,Archived,MACS1149.6+2223-ROT,ACS/WFC_WFC3/IR,2,2/23/2014 9:49,2014-02-23,9:49:14,2014-02-23 09:49:14,2/23/2014 14:06,15448
21,Archived,MACS1149.6+2223-ROT,ACS/WFC_WFC3/IR,2,2/23/2014 17:28,2014-02-23,17:28:23,2014-02-23 17:28:23,2/23/2014 20:07,9574
42,Archived,MACS1149.6+2223-ROT,ACS/WFC_WFC3/IR,1,2/23/2014 22:14,2014-02-23,22:14:29,2014-02-23 22:14:29,2/23/2014 23:19,3893
41,Archived,MACS1149.6+2223-ROT,ACS/WFC_WFC3/IR,2,2/25/2014 14:06,2014-02-25,14:06:35,2014-02-25 14:06:35,2/25/2014 16:45,9510
6,Archived,RXJ2248,ACS/WFC_WFC3/IR,3,5/18/2014 17:50,2014-05-18,17:50:12,2014-05-18 17:50:12,5/18/2014 22:02,15112
5,Archived,RXJ2248,ACS/WFC_WFC3/IR,4,5/27/2014 2:40,2014-05-27,2:40:31,2014-05-27 02:40:31,5/27/2014 8:29,20939
8,Archived,RXJ2248-ROT,ACS/WFC_WFC3/IR,3,7/29/2014 19:50,2014-07-29,19:50:22,2014-07-29 19:50:22,7/30/2014 0:05,15293
7,Archived,RXJ2248-ROT,ACS/WFC_WFC3/IR,4,8/9/2014 12:12,2014-08-09,12:12:52,2014-08-09 12:12:52,8/9/2014 18:04,21105
4,Archived,A2744-ROT,ACS/WFC_WFC3/IR,3,8/22/2014 15:37,2014-08-22,15:37:26,2014-08-22 15:37:26,8/22/2014 21:15,20275
3,Archived,A2744-ROT,ACS/WFC_WFC3/IR,4,8/23/2014 20:41,2014-08-23,20:41:45,2014-08-23 20:41:45,8/24/2014 5:18,31014
2,Archived,A2744,ACS/WFC_WFC3/IR,3,10/24/2014 13:59,2014-10-24,13:59:44,2014-10-24 13:59:44,10/24/2014 19:01,18132
1,Archived,A2744,ACS/WFC_WFC3/IR,4,10/25/2014 11:53,2014-10-25,11:53:19,2014-10-25 11:53:19,10/25/2014 17:41,20897
12,Archived,A370-ROT,ACS/WFC_WFC3/IR,3,10/27/2014 13:21,2014-10-27,13:21:28,2014-10-27 13:21:28,10/27/2014 17:38,15398
11,Archived,A370-ROT,ACS/WFC_WFC3/IR,4,10/29/2014 16:18,2014-10-29,16:18:25,2014-10-29 16:18:25,10/29/2014 22:10,21148
43,Archived,MACS1149.6+2223,ACS/WFC_WFC3/IR,2,11/3/2014 2:05,2014-11-03,2:05:28,2014-11-03 02:05:28,11/3/2014 6:07,14539
44,Archived,MACS1149.6+2223,ACS/WFC_WFC3/IR,1,11/7/2014 20:42,2014-11-07,20:42:45,2014-11-07 20:42:45,11/7/2014 21:47,3893
23,Archived,MACS1149.6+2223,ACS/WFC_WFC3/IR,2,11/10/2014 20:21,2014-11-10,20:21:12,2014-11-10 20:21:12,11/11/2014 0:35,15268
24,Archived,MACS1149.6+2223,ACS/WFC_WFC3/IR,2,11/11/2014 1:05,2014-11-11,1:05:18,2014-11-11 01:05:18,11/11/2014 3:48,9787
16,Archived,MACS0416.1-2403-ROT,ACS/WFC_WFC3/IR,3,11/23/2014 13:29,2014-11-23,13:29:23,2014-11-23 13:29:23,11/23/2014 17:46,15442
15,Archived,MACS0416.1-2403-ROT,ACS/WFC_WFC3/IR,4,11/30/2014 11:04,2014-11-30,11:04:22,2014-11-30 11:04:22,11/30/2014 16:53,20926
10,Archived,A370,ACS/WFC_WFC3/IR,3,12/10/2014 14:39,2014-12-10,14:39:19,2014-12-10 14:39:19,12/10/2014 18:51,15149
9,Archived,A370,ACS/WFC_WFC3/IR,4,12/12/2014 6:21,2014-12-12,6:21:56,2014-12-12 06:21:56,12/12/2014 12:43,22887
13,Archived,MACS0416.1-2403,ACS/WFC_WFC3/IR,4,1/13/2015 10:34,2015-01-13,10:34:14,2015-01-13 10:34:14,1/13/2015 17:50,26191
14,Archived,MACS0416.1-2403,ACS/WFC_WFC3/IR,3,1/18/2015 13:07,2015-01-18,13:07:06,2015-01-18 13:07:06,1/18/2015 20:30,26602
1,Archived,ABELL-2744,ACS/WFC_WFC3/IR,2,10/25/2013 6:51,2013-10-25,6:51:28,2013-10-25 06:51:28,10/25/2013 11:00,14925
2,Archived,ABELL-2744,ACS/WFC_WFC3/IR,2,10/25/2013 11:29,2013-10-25,11:29:40,2013-10-25 11:29:40,10/25/2013 14:06,9423
3,Archived,ABELL-2744,ACS/WFC_WFC3/IR,2,10/25/2013 14:40,2013-10-25,14:40:59,2013-10-25 14:40:59,10/25/2013 17:18,9422
4,Archived,ABELL-2744,ACS/WFC_WFC3/IR,2,10/25/2013 17:52,2013-10-25,17:52:17,2013-10-25 17:52:17,10/25/2013 20:29,9422
5,Archived,ABELL-2744,ACS/WFC_WFC3/IR,2,10/30/2013 14:18,2013-10-30,14:18:04,2013-10-30 14:18:04,10/30/2013 16:51,9209
6,Archived,ABELL-2744,ACS/WFC_WFC3/IR,2,10/31/2013 14:09,2013-10-31,14:09:17,2013-10-31 14:09:17,10/31/2013 16:49,9641
7,Archived,ABELL-2744,ACS/WFC_WFC3/IR,2,11/2/2013 10:47,2013-11-02,10:47:30,2013-11-02 10:47:30,11/2/2013 13:28,9641
8,Archived,ABELL-2744,ACS/WFC_WFC3/IR,2,11/2/2013 13:58,2013-11-02,13:58:48,2013-11-02 13:58:48,11/2/2013 16:39,9641
9,Archived,ABELL-2744,ACS/WFC_WFC3/IR,2,11/3/2013 15:29,2013-11-03,15:29:22,2013-11-03 15:29:22,11/3/2013 19:37,14859
10,Archived,ABELL-2744,ACS/WFC_WFC3/IR,2,11/13/2013 3:26,2013-11-13,3:26:32,2013-11-13 03:26:32,11/13/2013 6:06,9598
11,Archived,ABELL-2744,ACS/WFC_WFC3/IR,2,11/13/2013 11:24,2013-11-13,11:24:46,2013-11-13 11:24:46,11/13/2013 14:06,9674
12,Archived,ABELL-2744,ACS/WFC_WFC3/IR,2,11/13/2013 15:00,2013-11-13,15:00:09,2013-11-13 15:00:09,11/13/2013 20:22,19332
13,Archived,ABELL-2744,ACS/WFC_WFC3/IR,2,11/14/2013 1:45,2013-11-14,1:45:35,2013-11-14 01:45:35,11/14/2013 4:25,9589
14,Archived,ABELL-2744,ACS/WFC_WFC3/IR,2,11/14/2013 4:56,2013-11-14,4:56:53,2013-11-14 04:56:53,11/14/2013 7:36,9587
15,Archived,ABELL-2744,ACS/WFC_WFC3/IR,2,11/14/2013 8:08,2013-11-14,8:08:10,2013-11-14 08:08:10,11/14/2013 10:47,9586
16,Archived,ABELL-2744,ACS/WFC_WFC3/IR,2,11/14/2013 11:19,2013-11-14,11:19:28,2013-11-14 11:19:28,11/14/2013 14:00,9688
17,Archived,ABELL-2744,ACS/WFC_WFC3/IR,2,11/15/2013 3:15,2013-11-15,3:15:57,2013-11-15 03:15:57,11/15/2013 5:55,9576
18,Archived,ABELL-2744,ACS/WFC_WFC3/IR,2,11/15/2013 8:02,2013-11-15,8:02:54,2013-11-15 08:02:54,11/15/2013 10:42,9574
19,Archived,ABELL-2744,ACS/WFC_WFC3/IR,2,11/15/2013 11:14,2013-11-15,11:14:12,2013-11-15 11:14:12,11/15/2013 13:55,9689
20,Archived,ABELL-2744,ACS/WFC_WFC3/IR,2,11/19/2013 19:16,2013-11-19,19:16:27,2013-11-19 19:16:27,11/19/2013 23:05,13763
21,Archived,ABELL-2744,ACS/WFC_WFC3/IR,2,11/19/2013 23:39,2013-11-19,23:39:09,2013-11-19 23:39:09,11/20/2013 2:17,9479
22,Archived,ABELL-2744,ACS/WFC_WFC3/IR,2,11/20/2013 2:50,2013-11-20,2:50:31,2013-11-20 02:50:31,11/20/2013 5:28,9474
23,Archived,ABELL-2744,ACS/WFC_WFC3/IR,2,11/20/2013 19:11,2013-11-20,19:11:35,2013-11-20 19:11:35,11/20/2013 23:00,13738
24,Archived,ABELL-2744,ACS/WFC_WFC3/IR,2,11/23/2013 12:11,2013-11-23,12:11:02,2013-11-23 12:11:02,11/23/2013 14:52,9678
25,Archived,ABELL-2744,ACS/WFC_WFC3/IR,2,11/23/2013 15:46,2013-11-23,15:46:05,2013-11-23 15:46:05,11/23/2013 20:51,18353
26,Archived,ABELL-2744,ACS/WFC_WFC3/IR,2,11/23/2013 21:45,2013-11-23,21:45:21,2013-11-23 21:45:21,11/24/2013 0:21,9340
27,Archived,ABELL-2744,ACS/WFC_WFC3/IR,2,11/24/2013 13:42,2013-11-24,13:42:18,2013-11-24 13:42:18,11/24/2013 17:36,14060
28,Archived,ABELL-2744,ACS/WFC_WFC3/IR,2,11/25/2013 4:04,2013-11-25,4:04:15,2013-11-25 04:04:15,11/25/2013 7:01,10653
29,Archived,ABELL-2744,ACS/WFC_WFC3/IR,2,11/25/2013 13:38,2013-11-25,13:38:41,2013-11-25 13:38:41,11/25/2013 16:20,9685
30,Archived,ABELL-2744,ACS/WFC_WFC3/IR,2,11/26/2013 8:47,2013-11-26,8:47:35,2013-11-26 08:47:35,11/26/2013 11:21,9248
31,Archived,ABELL-2744,ACS/WFC_WFC3/IR,2,11/26/2013 12:02,2013-11-26,12:02:25,2013-11-26 12:02:25,11/26/2013 14:31,8927
32,Archived,ABELL-2744,ACS/WFC_WFC3/IR,2,11/26/2013 15:13,2013-11-26,15:13:54,2013-11-26 15:13:54,11/26/2013 17:47,9228
33,Archived,ABELL-2744,ACS/WFC_WFC3/IR,2,11/27/2013 3:55,2013-11-27,3:55:45,2013-11-27 03:55:45,11/27/2013 6:51,10554
34,Archived,ABELL-2744,ACS/WFC_WFC3/IR,2,11/27/2013 7:09,2013-11-27,7:09:18,2013-11-27 07:09:18,11/27/2013 9:38,8927
35,Archived,ABELL-2744,ACS/WFC_WFC3/IR,2,11/28/2013 5:24,2013-11-28,5:24:15,2013-11-28 05:24:15,11/28/2013 8:27,10974
37,Archived,ABELL-2744,ACS/WFC_WFC3/IR,2,5/14/2014 23:07,2014-05-14,23:07:40,2014-05-14 23:07:40,5/15/2014 1:43,9323
81,Archived,ABELL-2744,ACS/WFC_WFC3/IR,4,5/15/2014 19:48,2014-05-15,19:48:20,2014-05-15 19:48:20,5/16/2014 1:42,21230
82,Archived,ABELL-2744,ACS/WFC_WFC3/IR,4,5/19/2014 21:02,2014-05-19,21:02:42,2014-05-19 21:02:42,5/20/2014 2:57,21313
38,Archived,ABELL-2744,ACS/WFC_WFC3/IR,2,5/21/2014 19:31,2014-05-21,19:31:22,2014-05-21 19:31:22,5/21/2014 23:05,12864
83,Archived,ABELL-2744,ACS/WFC_WFC3/IR,4,5/22/2014 20:44,2014-05-22,20:44:10,2014-05-22 20:44:10,5/23/2014 2:39,21295
40,Archived,ABELL-2744,ACS/WFC_WFC3/IR,2,5/23/2014 22:13,2014-05-23,22:13:15,2014-05-23 22:13:15,5/24/2014 0:52,9580
45,Archived,ABELL-2744,ACS/WFC_WFC3/IR,2,5/24/2014 17:30,2014-05-24,17:30:04,2014-05-24 17:30:04,5/24/2014 21:50,15643
50,Archived,ABELL-2744,ACS/WFC_WFC3/IR,2,5/24/2014 22:06,2014-05-24,22:06:51,2014-05-24 22:06:51,5/25/2014 0:45,9522
51,Archived,ABELL-2744,ACS/WFC_WFC3/IR,2,5/25/2014 20:24,2014-05-25,20:24:01,2014-05-25 20:24:01,5/25/2014 23:20,10574
55,Archived,ABELL-2744,ACS/WFC_WFC3/IR,2,5/26/2014 1:10,2014-05-26,1:10:29,2014-05-26 01:10:29,5/26/2014 3:50,9573
60,Archived,ABELL-2744,ACS/WFC_WFC3/IR,2,5/26/2014 4:21,2014-05-26,4:21:37,2014-05-26 04:21:37,5/26/2014 7:01,9573
63,Archived,ABELL-2744,ACS/WFC_WFC3/IR,2,5/26/2014 18:58,2014-05-26,18:58:29,2014-05-26 18:58:29,5/26/2014 22:32,12836
65,Archived,ABELL-2744,ACS/WFC_WFC3/IR,2,5/26/2014 23:28,2014-05-26,23:28:25,2014-05-26 23:28:25,5/27/2014 2:07,9573
67,Archived,ABELL-2744,ACS/WFC_WFC3/IR,2,5/27/2014 20:33,2014-05-27,20:33:38,2014-05-27 20:33:38,5/28/2014 0:01,12470
91,Archived,ABELL-2744,ACS/WFC_WFC3/IR,4,6/11/2014 20:08,2014-06-11,20:08:18,2014-06-11 20:08:18,6/12/2014 2:04,21345
92,Archived,ABELL-2744,ACS/WFC_WFC3/IR,4,6/13/2014 15:08,2014-06-13,15:08:28,2014-06-13 15:08:28,6/13/2014 21:04,21345
93,Archived,ABELL-2744,ACS/WFC_WFC3/IR,4,6/15/2014 13:19,2014-06-15,13:19:40,2014-06-15 13:19:40,6/15/2014 19:15,21345
94,Archived,ABELL-2744,ACS/WFC_WFC3/IR,4,6/16/2014 17:59,2014-06-16,17:59:50,2014-06-16 17:59:50,6/16/2014 23:55,21344
95,Archived,ABELL-2744,ACS/WFC_WFC3/IR,4,6/20/2014 11:10,2014-06-20,11:10:49,2014-06-20 11:10:49,6/20/2014 17:06,21343
96,Archived,ABELL-2744,ACS/WFC_WFC3/IR,4,6/22/2014 15:44,2014-06-22,15:44:35,2014-06-22 15:44:35,6/22/2014 21:39,21305
98,Archived,ABELL-2744,ACS/WFC_WFC3/IR,4,6/24/2014 15:30,2014-06-24,15:30:59,2014-06-24 15:30:59,6/24/2014 21:25,21299
97,Archived,ABELL-2744,ACS/WFC_WFC3/IR,4,6/25/2014 15:24,2014-06-25,15:24:18,2014-06-25 15:24:18,6/25/2014 21:19,21295
99,Archived,ABELL-2744,ACS/WFC_WFC3/IR,4,7/1/2014 6:49,2014-07-01,6:49:34,2014-07-01 06:49:34,7/1/2014 12:41,21141
1,Archived,MACSJ0416.1-2403,ACS/WFC_WFC3/IR,2,1/5/2014 15:26,2014-01-05,15:26:08,2014-01-05 15:26:08,1/5/2014 20:40,18847
2,Archived,MACSJ0416.1-2403,ACS/WFC_WFC3/IR,2,1/6/2014 10:10,2014-01-06,10:10:15,2014-01-06 10:10:15,1/6/2014 12:48,9482
3,Archived,MACSJ0416.1-2403,ACS/WFC_WFC3/IR,2,1/6/2014 13:21,2014-01-06,13:21:19,2014-01-06 13:21:19,1/6/2014 17:16,14137
4,Archived,MACSJ0416.1-2403,ACS/WFC_WFC3/IR,2,1/6/2014 21:44,2014-01-06,21:44:09,2014-01-06 21:44:09,1/7/2014 1:05,12092
5,Archived,MACSJ0416.1-2403,ACS/WFC_WFC3/IR,2,1/7/2014 10:05,2014-01-07,10:05:22,2014-01-07 10:05:22,1/7/2014 12:42,9456
6,Archived,MACSJ0416.1-2403,ACS/WFC_WFC3/IR,2,1/7/2014 13:16,2014-01-07,13:16:13,2014-01-07 13:16:13,1/7/2014 17:10,14073
12,Archived,MACSJ0416.1-2403,ACS/WFC_WFC3/IR,2,1/11/2014 12:58,2014-01-11,12:58:25,2014-01-11 12:58:25,1/11/2014 15:34,9358.999999
13,Archived,MACSJ0416.1-2403,ACS/WFC_WFC3/IR,2,1/12/2014 6:26,2014-01-12,6:26:49,2014-01-12 06:26:49,1/12/2014 9:32,11119
14,Archived,MACSJ0416.1-2403,ACS/WFC_WFC3/IR,2,1/13/2014 10:02,2014-01-13,10:02:30,2014-01-13 10:02:30,1/13/2014 13:21,11967
15,Archived,MACSJ0416.1-2403,ACS/WFC_WFC3/IR,2,1/13/2014 14:25,2014-01-13,14:25:22,2014-01-13 14:25:22,1/13/2014 17:01,9344
16,Archived,MACSJ0416.1-2403,ACS/WFC_WFC3/IR,2,1/14/2014 3:35,2014-01-14,3:35:10,2014-01-14 03:35:10,1/14/2014 8:30,17711
17,Archived,MACSJ0416.1-2403,ACS/WFC_WFC3/IR,2,1/14/2014 11:08,2014-01-14,11:08:40,2014-01-14 11:08:40,1/14/2014 13:45,9392
18,Archived,MACSJ0416.1-2403,ACS/WFC_WFC3/IR,2,1/14/2014 14:20,2014-01-14,14:20:03,2014-01-14 14:20:03,1/14/2014 16:56,9393.000001
19,Archived,MACSJ0416.1-2403,ACS/WFC_WFC3/IR,2,1/14/2014 22:18,2014-01-14,22:18:29,2014-01-14 22:18:29,1/15/2014 0:55,9397
20,Archived,MACSJ0416.1-2403,ACS/WFC_WFC3/IR,2,1/15/2014 1:29,2014-01-15,1:29:21,2014-01-15 01:29:21,1/15/2014 5:14,13506
21,Archived,MACSJ0416.1-2403,ACS/WFC_WFC3/IR,2,1/15/2014 6:31,2014-01-15,6:31:43,2014-01-15 06:31:43,1/15/2014 10:54,15765
22,Archived,MACSJ0416.1-2403,ACS/WFC_WFC3/IR,2,1/15/2014 11:03,2014-01-15,11:03:18,2014-01-15 11:03:18,1/15/2014 13:40,9444
23,Archived,MACSJ0416.1-2403,ACS/WFC_WFC3/IR,2,1/15/2014 14:14,2014-01-15,14:14:40,2014-01-15 14:14:40,1/15/2014 16:52,9445
24,Archived,MACSJ0416.1-2403,ACS/WFC_WFC3/IR,2,1/15/2014 17:25,2014-01-15,17:25:58,2014-01-15 17:25:58,1/15/2014 20:03,9451
25,Archived,MACSJ0416.1-2403,ACS/WFC_WFC3/IR,2,1/15/2014 20:37,2014-01-15,20:37:17,2014-01-15 20:37:17,1/15/2014 23:14,9455
26,Archived,MACSJ0416.1-2403,ACS/WFC_WFC3/IR,2,1/19/2014 13:52,2014-01-19,13:52:18,2014-01-19 13:52:18,1/19/2014 16:33,9642
27,Archived,MACSJ0416.1-2403,ACS/WFC_WFC3/IR,2,1/21/2014 5:53,2014-01-21,5:53:59,2014-01-21 05:53:59,1/21/2014 11:07,18819
28,Archived,MACSJ0416.1-2403,ACS/WFC_WFC3/IR,2,1/21/2014 21:39,2014-01-21,21:39:15,2014-01-21 21:39:15,1/22/2014 0:20,9678
29,Archived,MACSJ0416.1-2403,ACS/WFC_WFC3/IR,2,1/22/2014 5:48,2014-01-22,5:48:25,2014-01-22 05:48:25,1/22/2014 11:02,18832
30,Archived,MACSJ0416.1-2403,ACS/WFC_WFC3/IR,2,1/23/2014 10:18,2014-01-23,10:18:56,2014-01-23 10:18:56,1/23/2014 13:00,9677
31,Archived,MACSJ0416.1-2403,ACS/WFC_WFC3/IR,2,1/24/2014 11:49,2014-01-24,11:49:02,2014-01-24 11:49:02,1/24/2014 14:30,9677
32,Archived,MACSJ0416.1-2403,ACS/WFC_WFC3/IR,2,1/25/2014 2:09,2014-01-25,2:09:41,2014-01-25 02:09:41,1/25/2014 7:34,19486
33,Archived,MACSJ0416.1-2403,ACS/WFC_WFC3/IR,2,1/29/2014 3:25,2014-01-29,3:25:54,2014-01-29 03:25:54,1/29/2014 8:47,19278
34,Archived,MACSJ0416.1-2403,ACS/WFC_WFC3/IR,2,1/29/2014 9:45,2014-01-29,9:45:32,2014-01-29 09:45:32,1/29/2014 12:26,9639
35,Archived,MACSJ0416.1-2403,ACS/WFC_WFC3/IR,2,1/29/2014 12:56,2014-01-29,12:56:46,2014-01-29 12:56:46,1/29/2014 15:37,9639
A7,Archived,MACSJ0416.1-2403,ACS/WFC_WFC3/IR,2,1/31/2014 4:56,2014-01-31,4:56:07,2014-01-31 04:56:07,1/31/2014 10:11,18908
A8,Archived,MACSJ0416.1-2403,ACS/WFC_WFC3/IR,2,2/3/2014 4:39,2014-02-03,4:39:31,2014-02-03 04:39:31,2/3/2014 8:46,14826
A9,Archived,MACSJ0416.1-2403,ACS/WFC_WFC3/IR,2,2/8/2014 2:28,2014-02-08,2:28:58,2014-02-08 02:28:58,2/8/2014 6:42,15219
B0,Archived,MACSJ0416.1-2403,ACS/WFC_WFC3/IR,2,2/9/2014 10:18,2014-02-09,10:18:49,2014-02-09 10:18:49,2/9/2014 12:59,9639
B1,Archived,MACSJ0416.1-2403,ACS/WFC_WFC3/IR,2,2/9/2014 13:29,2014-02-09,13:29:27,2014-02-09 13:29:27,2/9/2014 17:39,14983
91,Archived,MACSJ0416.1-2403,ACS/WFC_WFC3/IR,4,7/31/2014 18:16,2014-07-31,18:16:44,2014-07-31 18:16:44,8/1/2014 0:12,21343
92,Archived,MACSJ0416.1-2403,ACS/WFC_WFC3/IR,4,8/1/2014 18:10,2014-08-01,18:10:01,2014-08-01 18:10:01,8/2/2014 0:05,21342
40,Archived,MACSJ0416.1-2403,ACS/WFC_WFC3/IR,2,8/2/2014 0:54,2014-08-02,0:54:49,2014-08-02 00:54:49,8/2/2014 6:20,19566
38,Archived,MACSJ0416.1-2403,ACS/WFC_WFC3/IR,2,8/5/2014 22:29,2014-08-05,22:29:51,2014-08-05 22:29:51,8/6/2014 2:31,14490
45,Archived,MACSJ0416.1-2403,ACS/WFC_WFC3/IR,2,8/6/2014 20:47,2014-08-06,20:47:31,2014-08-06 20:47:31,8/6/2014 23:27,9591
50,Archived,MACSJ0416.1-2403,ACS/WFC_WFC3/IR,2,8/7/2014 22:16,2014-08-07,22:16:16,2014-08-07 22:16:16,8/8/2014 2:17,14487
93,Archived,MACSJ0416.1-2403,ACS/WFC_WFC3/IR,4,8/8/2014 11:01,2014-08-08,11:01:16,2014-08-08 11:01:16,8/8/2014 16:56,21305
94,Archived,MACSJ0416.1-2403,ACS/WFC_WFC3/IR,4,8/8/2014 17:23,2014-08-08,17:23:29,2014-08-08 17:23:29,8/8/2014 23:18,21303
95,Archived,MACSJ0416.1-2403,ACS/WFC_WFC3/IR,4,8/10/2014 10:47,2014-08-10,10:47:50,2014-08-10 10:47:50,8/10/2014 16:42,21299
96,Archived,MACSJ0416.1-2403,ACS/WFC_WFC3/IR,4,8/11/2014 9:05,2014-08-11,9:05:27,2014-08-11 09:05:27,8/11/2014 15:00,21297
97,Archived,MACSJ0416.1-2403,ACS/WFC_WFC3/IR,4,8/11/2014 15:27,2014-08-11,15:27:41,2014-08-11 15:27:41,8/11/2014 21:22,21296
98,Archived,MACSJ0416.1-2403,ACS/WFC_WFC3/IR,4,8/12/2014 16:56,2014-08-12,16:56:39,2014-08-12 16:56:39,8/12/2014 22:51,21292
55,Archived,MACSJ0416.1-2403,ACS/WFC_WFC3/IR,2,8/19/2014 22:37,2014-08-19,22:37:51,2014-08-19 22:37:51,8/20/2014 1:16,9489
99,Archived,MACSJ0416.1-2403,ACS/WFC_WFC3/IR,4,8/20/2014 19:20,2014-08-20,19:20:47,2014-08-20 19:20:47,8/21/2014 1:13,21152
51,Archived,MACSJ0416.1-2403,ACS/WFC_WFC3/IR,2,8/21/2014 16:02,2014-08-21,16:02:21,2014-08-21 16:02:21,8/21/2014 19:07,11114
60,Archived,MACSJ0416.1-2403,ACS/WFC_WFC3/IR,2,8/28/2014 20:07,2014-08-28,20:07:59,2014-08-28 20:07:59,8/28/2014 22:46,9528
81,Archived,MACSJ0416.1-2403,ACS/WFC_WFC3/IR,4,8/29/2014 18:25,2014-08-29,18:25:46,2014-08-29 18:25:46,8/30/2014 0:20,21302
82,Archived,MACSJ0416.1-2403,ACS/WFC_WFC3/IR,4,8/30/2014 0:48,2014-08-30,0:48:03,2014-08-30 00:48:03,8/30/2014 6:43,21302
63,Archived,MACSJ0416.1-2403,ACS/WFC_WFC3/IR,2,8/30/2014 19:55,2014-08-30,19:55:04,2014-08-30 19:55:04,8/30/2014 22:34,9538
A5,Archived,MACSJ0416.1-2403,ACS/WFC_WFC3/IR,2,8/30/2014 23:06,2014-08-30,23:06:12,2014-08-30 23:06:12,8/31/2014 1:45,9539
83,Archived,MACSJ0416.1-2403,ACS/WFC_WFC3/IR,4,8/31/2014 2:17,2014-08-31,2:17:07,2014-08-31 02:17:07,8/31/2014 8:12,21305
67,Archived,MACSJ0416.1-2403,ACS/WFC_WFC3/IR,2,8/31/2014 15:12,2014-08-31,15:12:42,2014-08-31 15:12:42,8/31/2014 19:34,15719
37,Archived,MACSJ0416.1-2403,ACS/WFC_WFC3/IR,2,9/1/2014 19:41,2014-09-01,19:41:12,2014-09-01 19:41:12,9/1/2014 22:21,9591
1,Archived,MACSJ0717.5+3745,ACS/WFC_WFC3/IR,2,10/17/2013 22:09,2013-10-17,22:09:09,2013-10-17 22:09:09,10/18/2013 0:44,9292
B1,Archived,MACSJ0717.5+3745,ACS/WFC_WFC3/IR,4,9/24/2014 12:37,2014-09-24,12:37:30,2014-09-24 12:37:30,9/24/2014 18:32,21301
B2,Archived,MACSJ0717.5+3745,ACS/WFC_WFC3/IR,4,9/24/2014 18:59,2014-09-24,18:59:39,2014-09-24 18:59:39,9/25/2014 0:54,21302
10,Archived,MACSJ0717.5+3745,ACS/WFC_WFC3/IR,2,9/26/2014 0:01,2014-09-26,0:01:31,2014-09-26 00:01:31,9/26/2014 3:36,12900
15,Archived,MACSJ0717.5+3745,ACS/WFC_WFC3/IR,2,9/26/2014 23:54,2014-09-26,23:54:27,2014-09-26 23:54:27,9/27/2014 3:29,12886
20,Archived,MACSJ0717.5+3745,ACS/WFC_WFC3/IR,2,9/27/2014 21:49,2014-09-27,21:49:19,2014-09-27 21:49:19,9/28/2014 0:29,9590
B3,Archived,MACSJ0717.5+3745,ACS/WFC_WFC3/IR,4,10/2/2014 11:40,2014-10-02,11:40:49,2014-10-02 11:40:49,10/2/2014 17:51,22223
B4,Archived,MACSJ0717.5+3745,ACS/WFC_WFC3/IR,4,10/2/2014 18:02,2014-10-02,18:02:57,2014-10-02 18:02:57,10/2/2014 23:58,21339
B5,Archived,MACSJ0717.5+3745,ACS/WFC_WFC3/IR,4,10/3/2014 17:55,2014-10-03,17:55:56,2014-10-03 17:55:56,10/3/2014 23:51,21339
5,Archived,MACSJ0717.5+3745,ACS/WFC_WFC3/IR,2,10/4/2014 22:35,2014-10-04,22:35:31,2014-10-04 22:35:31,10/5/2014 1:15,9590
B6,Archived,MACSJ0717.5+3745,ACS/WFC_WFC3/IR,4,10/5/2014 16:06,2014-10-05,16:06:22,2014-10-05 16:06:22,10/5/2014 22:32,23171
30,Archived,MACSJ0717.5+3745,ACS/WFC_WFC3/IR,2,10/7/2014 17:50,2014-10-07,17:50:37,2014-10-07 17:50:37,10/7/2014 21:18,12497
B7,Archived,MACSJ0717.5+3745,ACS/WFC_WFC3/IR,4,10/9/2014 17:13,2014-10-09,17:13:53,2014-10-09 17:13:53,10/9/2014 23:09,21339
25,Archived,MACSJ0717.5+3745,ACS/WFC_WFC3/IR,2,10/10/2014 21:53,2014-10-10,21:53:25,2014-10-10 21:53:25,10/11/2014 0:33,9590
B8,Archived,MACSJ0717.5+3745,ACS/WFC_WFC3/IR,4,10/11/2014 21:46,2014-10-11,21:46:21,2014-10-11 21:46:21,10/12/2014 3:41,21337
B9,Archived,MACSJ0717.5+3745,ACS/WFC_WFC3/IR,4,10/12/2014 16:52,2014-10-12,16:52:40,2014-10-12 16:52:40,10/12/2014 22:48,21337
16,Archived,MACSJ0717.5+3745,ACS/WFC_WFC3/IR,2,10/25/2014 20:06,2014-10-25,20:06:16,2014-10-25 20:06:16,10/25/2014 22:43,9436
A1,Archived,MACSJ0717.5+3745,ACS/WFC_WFC3/IR,4,10/28/2014 14:59,2014-10-28,14:59:08,2014-10-28 14:59:08,10/28/2014 20:50,21106
A2,Archived,MACSJ0717.5+3745,ACS/WFC_WFC3/IR,4,11/2/2014 17:41,2014-11-02,17:41:43,2014-11-02 17:41:43,11/2/2014 23:29,20847
A3,Archived,MACSJ0717.5+3745,ACS/WFC_WFC3/IR,4,11/3/2014 14:25,2014-11-03,14:25:02,2014-11-03 14:25:02,11/3/2014 20:12,20844
2,Archived,MACSJ0717.5+3745,ACS/WFC_WFC3/IR,2,11/11/2014 13:35,2014-11-11,13:35:05,2014-11-11 13:35:05,11/11/2014 16:12,9444.999999
28,Archived,MACSJ0717.5+3745,ACS/WFC_WFC3/IR,2,11/11/2014 16:46,2014-11-11,16:46:10,2014-11-11 16:46:10,11/11/2014 19:23,9448
32,Archived,MACSJ0717.5+3745,ACS/WFC_WFC3/IR,2,11/11/2014 19:57,2014-11-11,19:57:16,2014-11-11 19:57:16,11/11/2014 22:34,9454
63,Archived,MACSJ0717.5+3745,ACS/WFC_WFC3/IR,2,2/19/2015 4:32,2015-02-19,4:32:09,2015-02-19 04:32:09,2/19/2015 8:39,14838
81,Archived,MACSJ0717.5+3745,ACS/WFC_WFC3/IR,4,2/19/2015 9:22,2015-02-19,9:22:56,2015-02-19 09:22:56,2/19/2015 15:06,20616
38,Archived,MACSJ0717.5+3745,ACS/WFC_WFC3/IR,2,2/27/2015 16:43,2015-02-27,16:43:54,2015-02-27 16:43:54,2/27/2015 22:05,19273
40,Archived,MACSJ0717.5+3745,ACS/WFC_WFC3/IR,2,2/28/2015 21:22,2015-02-28,21:22:37,2015-02-28 21:22:37,3/1/2015 2:50,19660
50,Archived,MACSJ0717.5+3745,ACS/WFC_WFC3/IR,2,3/4/2015 14:07,2015-03-04,14:07:08,2015-03-04 14:07:08,3/4/2015 16:46,9538
45,Archived,MACSJ0717.5+3745,ACS/WFC_WFC3/IR,2,3/5/2015 22:19,2015-03-05,22:19:31,2015-03-05 22:19:31,3/6/2015 2:08,13746
82,Archived,MACSJ0717.5+3745,ACS/WFC_WFC3/IR,4,3/6/2015 7:29,2015-03-06,7:29:47,2015-03-06 07:29:47,3/6/2015 13:21,21112
37,Archived,MACSJ0717.5+3745,ACS/WFC_WFC3/IR,2,3/6/2015 13:51,2015-03-06,13:51:43,2015-03-06 13:51:43,3/6/2015 16:29,9483
83,Archived,MACSJ0717.5+3745,ACS/WFC_WFC3/IR,4,3/7/2015 10:32,2015-03-07,10:32:25,2015-03-07 10:32:25,3/7/2015 16:26,21233
67,Archived,MACSJ0717.5+3745,ACS/WFC_WFC3/IR,2,3/8/2015 8:48,2015-03-08,8:48:50,2015-03-08 08:48:50,3/8/2015 11:25,9393
51,Archived,MACSJ0717.5+3745,ACS/WFC_WFC3/IR,2,3/8/2015 11:59,2015-03-08,11:59:44,2015-03-08 11:59:44,3/8/2015 14:36,9395
91,Archived,MACSJ0717.5+3745,ACS/WFC_WFC3/IR,4,3/15/2015 7:50,2015-03-15,7:50:43,2015-03-15 07:50:43,3/15/2015 13:44,21209
92,Archived,MACSJ0717.5+3745,ACS/WFC_WFC3/IR,4,3/16/2015 9:17,2015-03-16,9:17:46,2015-03-16 09:17:46,3/16/2015 15:11,21211
93,Archived,MACSJ0717.5+3745,ACS/WFC_WFC3/IR,4,3/17/2015 10:45,2015-03-17,10:45:04,2015-03-17 10:45:04,3/17/2015 16:39,21287
94,Archived,MACSJ0717.5+3745,ACS/WFC_WFC3/IR,4,3/18/2015 4:14,2015-03-18,4:14:09,2015-03-18 04:14:09,3/18/2015 10:33,22781
55,Archived,MACSJ0717.5+3745,ACS/WFC_WFC3/IR,2,3/18/2015 10:37,2015-03-18,10:37:26,2015-03-18 10:37:26,3/18/2015 13:14,9443
95,Archived,MACSJ0717.5+3745,ACS/WFC_WFC3/IR,4,3/18/2015 15:23,2015-03-18,15:23:13,2015-03-18 15:23:13,3/18/2015 21:16,21218
96,Archived,MACSJ0717.5+3745,ACS/WFC_WFC3/IR,4,3/19/2015 5:40,2015-03-19,5:40:32,2015-03-19 05:40:32,3/19/2015 12:05,23077
97,Archived,MACSJ0717.5+3745,ACS/WFC_WFC3/IR,4,3/21/2015 7:01,2015-03-21,7:01:34,2015-03-21 07:01:34,3/21/2015 12:55,21213
98,Archived,MACSJ0717.5+3745,ACS/WFC_WFC3/IR,4,3/22/2015 6:53,2015-03-22,6:53:25,2015-03-22 06:53:25,3/22/2015 12:46,21213
60,Archived,MACSJ0717.5+3745,ACS/WFC_WFC3/IR,2,3/23/2015 8:21,2015-03-23,8:21:13,2015-03-23 08:21:13,3/23/2015 10:58,9442
65,Archived,MACSJ0717.5+3745,ACS/WFC_WFC3/IR,2,3/24/2015 6:36,2015-03-24,6:36:23,2015-03-24 06:36:23,3/24/2015 9:42,11153
99,Archived,MACSJ0717.5+3745,ACS/WFC_WFC3/IR,4,3/24/2015 14:34,2015-03-24,14:34:20,2015-03-24 14:34:20,3/24/2015 20:27,21211
1,Archived,MACSJ1149.5+2223,ACS/WFC_WFC3/IR,2,11/2/2013 1:57,2013-11-02,1:57:21,2013-11-02 01:57:21,11/2/2013 4:36,9578
36,Archived,MACSJ1149.5+2223,ACS/WFC_WFC3/IR,2,4/14/2014 17:23,2014-04-14,17:23:04,2014-04-14 17:23:04,4/14/2014 20:04,9691
2,Archived,MACSJ1149.5+2223,ACS/WFC_WFC3/IR,2,11/20/2014 0:01,2014-11-20,0:01:28,2014-11-20 00:01:28,11/20/2014 2:37,9361
16,Archived,MACSJ1149.5+2223,ACS/WFC_WFC3/IR,2,11/20/2014 19:07,2014-11-20,19:07:46,2014-11-20 19:07:46,11/20/2014 21:43,9362
28,Archived,MACSJ1149.5+2223,ACS/WFC_WFC3/IR,2,11/20/2014 22:18,2014-11-20,22:18:49,2014-11-20 22:18:49,11/21/2014 0:54,9362
32,Archived,MACSJ1149.5+2223,ACS/WFC_WFC3/IR,2,11/21/2014 1:29,2014-11-21,1:29:53,2014-11-21 01:29:53,11/21/2014 4:05,9361
A1,Archived,MACSJ1149.5+2223,ACS/WFC_WFC3/IR,4,11/21/2014 4:39,2014-11-21,4:39:26,2014-11-21 04:39:26,11/21/2014 10:35,21337
5,Archived,MACSJ1149.5+2223,ACS/WFC_WFC3/IR,2,11/21/2014 23:47,2014-11-21,23:47:14,2014-11-21 23:47:14,11/22/2014 2:23,9361
10,Archived,MACSJ1149.5+2223,ACS/WFC_WFC3/IR,2,11/22/2014 2:58,2014-11-22,2:58:17,2014-11-22 02:58:17,11/22/2014 5:34,9361
15,Archived,MACSJ1149.5+2223,ACS/WFC_WFC3/IR,2,11/22/2014 6:09,2014-11-22,6:09:20,2014-11-22 06:09:20,11/22/2014 8:45,9361
20,Archived,MACSJ1149.5+2223,ACS/WFC_WFC3/IR,2,11/23/2014 18:46,2014-11-23,18:46:23,2014-11-23 18:46:23,11/23/2014 21:52,11193
A2,Archived,MACSJ1149.5+2223,ACS/WFC_WFC3/IR,4,12/11/2014 18:09,2014-12-11,18:09:06,2014-12-11 18:09:06,12/12/2014 0:02,21225
25,Archived,MACSJ1149.5+2223,ACS/WFC_WFC3/IR,2,12/14/2014 19:25,2014-12-14,19:25:29,2014-12-14 19:25:29,12/14/2014 21:59,9223
A3,Archived,MACSJ1149.5+2223,ACS/WFC_WFC3/IR,4,12/15/2014 20:52,2014-12-15,20:52:58,2014-12-15 20:52:58,12/16/2014 2:45,21162
B1,Archived,MACSJ1149.5+2223,ACS/WFC_WFC3/IR,4,12/20/2014 18:44,2014-12-20,18:44:52,2014-12-20 18:44:52,12/21/2014 0:37,21170
B2,Archived,MACSJ1149.5+2223,ACS/WFC_WFC3/IR,4,12/23/2014 18:24,2014-12-23,18:24:32,2014-12-23 18:24:32,12/24/2014 0:18,21227
B3,Archived,MACSJ1149.5+2223,ACS/WFC_WFC3/IR,4,12/24/2014 16:42,2014-12-24,16:42:03,2014-12-24 16:42:03,12/24/2014 22:35,21235
B4,Archived,MACSJ1149.5+2223,ACS/WFC_WFC3/IR,4,12/26/2014 16:27,2014-12-26,16:27:05,2014-12-26 16:27:05,12/26/2014 22:21,21292
B5,Archived,MACSJ1149.5+2223,ACS/WFC_WFC3/IR,4,12/29/2014 11:18,2014-12-29,11:18:24,2014-12-29 11:18:24,12/29/2014 17:13,21298
B6,Archived,MACSJ1149.5+2223,ACS/WFC_WFC3/IR,4,1/1/2015 15:41,2015-01-01,15:41:51,2015-01-01 15:41:51,1/1/2015 21:37,21332
B8,Archived,MACSJ1149.5+2223,ACS/WFC_WFC3/IR,4,1/3/2015 10:40,2015-01-03,10:40:11,2015-01-03 10:40:11,1/3/2015 16:35,21331
B7,Archived,MACSJ1149.5+2223,ACS/WFC_WFC3/IR,4,1/4/2015 8:57,2015-01-04,8:57:04,2015-01-04 08:57:04,1/4/2015 14:52,21331
B9,Archived,MACSJ1149.5+2223,ACS/WFC_WFC3/IR,4,1/5/2015 16:46,2015-01-05,16:46:31,2015-01-05 16:46:31,1/5/2015 22:42,21331
30,Archived,MACSJ1149.5+2223,ACS/WFC_WFC3/IR,2,1/7/2015 11:46,2015-01-07,11:46:12,2015-01-07 11:46:12,1/7/2015 14:22,9360
91,Archived,MACSJ1149.5+2223,ACS/WFC_WFC3/IR,4,4/19/2015 9:53,2015-04-19,9:53:55,2015-04-19 09:53:55,4/19/2015 15:47,21186
60,Archived,MACSJ1149.5+2223,ACS/WFC_WFC3/IR,2,4/20/2015 12:56,2015-04-20,12:56:51,2015-04-20 12:56:51,4/20/2015 15:34,9466
45,Archived,MACSJ1149.5+2223,ACS/WFC_WFC3/IR,2,4/21/2015 16:22,2015-04-21,16:22:42,2015-04-21 16:22:42,4/21/2015 21:38,18928
55,Archived,MACSJ1149.5+2223,ACS/WFC_WFC3/IR,2,4/22/2015 14:16,2015-04-22,14:16:26,2015-04-22 14:16:26,4/22/2015 16:54,9465
65,Archived,MACSJ1149.5+2223,ACS/WFC_WFC3/IR,2,4/23/2015 12:32,2015-04-23,12:32:47,2015-04-23 12:32:47,4/23/2015 15:09,9425.999999
92,Archived,MACSJ1149.5+2223,ACS/WFC_WFC3/IR,4,4/24/2015 23:33,2015-04-24,23:33:54,2015-04-24 23:33:54,4/25/2015 5:25,21072
40,Archived,MACSJ1149.5+2223,ACS/WFC_WFC3/IR,2,4/25/2015 13:52,2015-04-25,13:52:48,2015-04-25 13:52:48,4/25/2015 16:28,9360
50,Archived,MACSJ1149.5+2223,ACS/WFC_WFC3/IR,2,4/25/2015 17:26,2015-04-25,17:26:13,2015-04-25 17:26:13,4/25/2015 22:37,18680
93,Archived,MACSJ1149.5+2223,ACS/WFC_WFC3/IR,4,4/25/2015 23:25,2015-04-25,23:25:56,2015-04-25 23:25:56,4/26/2015 5:16,21054
94,Archived,MACSJ1149.5+2223,ACS/WFC_WFC3/IR,4,4/28/2015 5:32,2015-04-28,5:32:58,2015-04-28 05:32:58,4/28/2015 11:49,22607
95,Archived,MACSJ1149.5+2223,ACS/WFC_WFC3/IR,4,4/28/2015 11:54,2015-04-28,11:54:47,2015-04-28 11:54:47,4/28/2015 17:46,21090
96,Archived,MACSJ1149.5+2223,ACS/WFC_WFC3/IR,4,4/29/2015 11:46,2015-04-29,11:46:36,2015-04-29 11:46:36,4/29/2015 17:37,21043
97,Archived,MACSJ1149.5+2223,ACS/WFC_WFC3/IR,4,4/30/2015 8:27,2015-04-30,8:27:31,2015-04-30 08:27:31,4/30/2015 14:16,20958
98,Archived,MACSJ1149.5+2223,ACS/WFC_WFC3/IR,4,5/1/2015 6:43,2015-05-01,6:43:09,2015-05-01 06:43:09,5/1/2015 13:03,22820
99,Archived,MACSJ1149.5+2223,ACS/WFC_WFC3/IR,4,5/1/2015 13:05,2015-05-01,13:05:29,2015-05-01 13:05:29,5/1/2015 18:56,21079
81,Archived,MACSJ1149.5+2223,ACS/WFC_WFC3/IR,4,5/7/2015 9:03,2015-05-07,9:03:12,2015-05-07 09:03:12,5/7/2015 14:56,21216
82,Archived,MACSJ1149.5+2223,ACS/WFC_WFC3/IR,4,5/8/2015 10:30,2015-05-08,10:30:22,2015-05-08 10:30:22,5/8/2015 16:23,21217
83,Archived,MACSJ1149.5+2223,ACS/WFC_WFC3/IR,4,5/9/2015 8:46,2015-05-09,8:46:38,2015-05-09 08:46:38,5/9/2015 14:40,21216
37,Archived,MACSJ1149.5+2223,ACS/WFC_WFC3/IR,2,5/13/2015 13:00,2015-05-13,13:00:15,2015-05-13 13:00:15,5/13/2015 15:37,9444
51,Archived,MACSJ1149.5+2223,ACS/WFC_WFC3/IR,2,5/15/2015 7:56,2015-05-15,7:56:37,2015-05-15 07:56:37,5/15/2015 10:56,10818
63,Archived,MACSJ1149.5+2223,ACS/WFC_WFC3/IR,2,5/17/2015 18:48,2015-05-17,18:48:43,2015-05-17 18:48:43,5/17/2015 21:25,9419
67,Archived,MACSJ1149.5+2223,ACS/WFC_WFC3/IR,2,5/19/2015 7:22,2015-05-19,7:22:53,2015-05-19 07:22:53,5/19/2015 10:19,10568
K1,Archived,ABELL370-IR1,ACS/WFC_WFC3/IR,1,11/24/2014 23:17,2014-11-24,23:17:41,2014-11-24 23:17:41,11/25/2014 1:36,8307
KU,Archived,ABELL370,WFC3/UVIS,1,11/25/2014 2:06,2014-11-25,2:06:33,2014-11-25 02:06:33,11/25/2014 4:06,7199
R1,Archived,MACSJ1149.5+2223,ACS/WFC_WFC3/IR,1,11/29/2014 21:13,2014-11-29,21:13:19,2014-11-29 21:13:19,11/29/2014 22:18,3940
R2,Archived,MACSJ1149.5+2223,ACS/WFC_WFC3/IR,1,12/1/2014 22:33,2014-12-01,22:33:35,2014-12-01 22:33:35,12/1/2014 23:39,3940
R3,Archived,MACSJ1149.5+2223,ACS/WFC_WFC3/IR,1,12/3/2014 0:01,2014-12-03,0:01:37,2014-12-03 00:01:37,12/3/2014 1:07,3940
R4,Archived,MACSJ1149.5+2223,ACS/WFC_WFC3/IR,1,12/5/2014 17:17,2014-12-05,17:17:06,2014-12-05 17:17:06,12/5/2014 18:37,4830
R5,Archived,MACSJ1149.5+2223,ACS/WFC_WFC3/IR,1,12/8/2014 12:08,2014-12-08,12:08:24,2014-12-08 12:08:24,12/8/2014 14:17,7758.999999
K2,Archived,ABELL370-IR1,ACS/WFC_WFC3/IR,1,12/8/2014 10:00,2014-12-08,10:00:44,2014-12-08 10:00:44,12/8/2014 11:34,5649
R6,Archived,MACSJ1149.5+2223,ACS/WFC_WFC3/IR,1,12/9/2014 2:27,2014-12-09,2:27:57,2014-12-09 02:27:57,12/9/2014 3:33,3940
K3,Archived,ABELL370-IR1,ACS/WFC_WFC3/IR,1,12/15/2014 9:11,2014-12-15,9:11:43,2014-12-15 09:11:43,12/15/2014 10:39,5242
RA,Archived,MACSJ1149.5+2223,WFC3/UVIS,2,12/22/2014 21:45,2014-12-22,21:45:14,2014-12-22 21:45:14,12/23/2014 0:20,9342
RB,Archived,MACSJ1149.5+2223,WFC3/UVIS,2,12/23/2014 12:02,2014-12-23,12:02:47,2014-12-23 12:02:47,12/23/2014 15:51,13752
R7,Archived,MACSJ1149.5+2223,ACS/WFC_WFC3/IR,1,1/11/2015 22:23,2015-01-11,22:23:44,2015-01-11 22:23:44,1/11/2015 23:29,3940
R8,Archived,MACSJ1149.5+2223,ACS/WFC_WFC3/IR,1,1/14/2015 14:06,2015-01-14,14:06:00,2015-01-14 14:06:00,1/14/2015 15:28,4943
R9,Archived,MACSJ1149.5+2223,ACS/WFC_WFC3/IR,1,1/22/2015 16:14,2015-01-22,16:14:31,2015-01-22 16:14:31,1/22/2015 17:42,5296
R0,Archived,MACSJ1149.5+2223,ACS/WFC_WFC3/IR,1,1/27/2015 4:26,2015-01-27,4:26:56,2015-01-27 04:26:56,1/27/2015 5:34,4045
RC,Archived,MACSJ1149.5+2223,ACS/WFC_WFC3/IR,1,2/9/2015 7:45,2015-02-09,7:45:20,2015-02-09 07:45:20,2/9/2015 10:13,8883
RD,Archived,MACSJ1149.5+2223,ACS/WFC_WFC3/IR,1,2/23/2015 9:05,2015-02-23,9:05:38,2015-02-23 09:05:38,2/23/2015 10:13,4045
RE,Archived,MACSJ1149.5+2223,ACS/WFC_WFC3/IR,1,3/9/2015 8:59,2015-03-09,8:59:52,2015-03-09 08:59:52,3/9/2015 10:54,6898
RF,Archived,MACSJ1149.5+2223,ACS/WFC_WFC3/IR,1,3/23/2015 5:39,2015-03-23,5:39:07,2015-03-23 05:39:07,3/23/2015 8:11,9114
RG,Archived,MACSJ1149.5+2223,ACS/WFC_WFC3/IR,1,4/6/2015 2:43,2015-04-06,2:43:29,2015-04-06 02:43:29,4/6/2015 6:09,12345
RH,Archived,MACSJ1149.5+2223,WFC3/IR,1,4/20/2015 1:49,2015-04-20,1:49:51,2015-04-20 01:49:51,4/20/2015 2:50,3665
RI,Archived,MACSJ1149.5+2223,WFC3/IR,1,5/7/2015 1:05,2015-05-07,1:05:20,2015-05-07 01:05:20,5/7/2015 2:06,3665.000001
RJ,Archived,MACSJ1149.5+2223,ACS/WFC_WFC3/IR,1,5/26/2015 6:24,2015-05-26,6:24:50,2015-05-26 06:24:50,5/26/2015 7:32,4087
RK,Archived,MACSJ1149.5+2223,ACS/WFC_WFC3/IR,1,6/15/2015 3:47,2015-06-15,3:47:21,2015-06-15 03:47:21,6/15/2015 4:54,4044.999999
RL,Archived,MACSJ1149.5+2223,ACS/WFC_WFC3/IR,1,7/5/2015 1:05,2015-07-05,1:05:24,2015-07-05 01:05:24,7/5/2015 3:08,7395
RM,Archived,MACSJ1149.5+2223,ACS/WFC_WFC3/IR,1,7/13/2015 4:36,2015-07-13,4:36:14,2015-07-13 04:36:14,7/13/2015 5:56,4806
RN,Archived,MACSJ1149.5+2223,ACS/WFC_WFC3/IR,1,7/13/2015 6:10,2015-07-13,6:10:29,2015-07-13 06:10:29,7/13/2015 7:30,4787
RO,Archived,MACSJ1149.5+2223,ACS/WFC_WFC3/IR,1,7/20/2015 22:43,2015-07-20,22:43:16,2015-07-20 22:43:16,7/21/2015 0:53,7811
A1,Archived,ABELL-370,ACS/WFC_WFC3/IR,1,9/1/2015 3:48,2015-09-01,3:48:39,2015-09-01 03:48:39,9/1/2015 6:02,8003
1,Archived,ABELL-S1063,ACS/WFC_WFC3/IR,2,10/25/2014 8:36,2014-10-25,8:36:25,2014-10-25 08:36:25,10/25/2014 11:05,8946
2,Archived,ABELL-S1063,ACS/WFC_WFC3/IR,2,10/11/2015 15:05,2015-10-11,15:05:14,2015-10-11 15:05:14,10/11/2015 17:44,9582
16,Archived,ABELL-S1063,ACS/WFC_WFC3/IR,2,10/13/2015 10:01,2015-10-13,10:01:02,2015-10-13 10:01:02,10/13/2015 12:40,9583
A1,Archived,ABELL-S1063,ACS/WFC_WFC3/IR,4,10/14/2015 11:27,2015-10-14,11:27:30,2015-10-14 11:27:30,10/14/2015 17:22,21315
A2,Archived,ABELL-S1063,ACS/WFC_WFC3/IR,4,10/15/2015 8:07,2015-10-15,8:07:45,2015-10-15 08:07:45,10/15/2015 14:03,21315
28,Archived,ABELL-S1063,ACS/WFC_WFC3/IR,2,10/15/2015 14:31,2015-10-15,14:31:52,2015-10-15 14:31:52,10/15/2015 17:09,9432
32,Archived,ABELL-S1063,ACS/WFC_WFC3/IR,2,10/16/2015 12:45,2015-10-16,12:45:00,2015-10-16 12:45:00,10/16/2015 15:24,9582
A3,Archived,ABELL-S1063,ACS/WFC_WFC3/IR,4,10/18/2015 7:40,2015-10-18,7:40:52,2015-10-18 07:40:52,10/18/2015 13:36,21316
5,Archived,ABELL-S1063,ACS/WFC_WFC3/IR,2,10/18/2015 14:05,2015-10-18,14:05:00,2015-10-18 14:05:00,10/18/2015 16:42,9431
15,Archived,ABELL-S1063,ACS/WFC_WFC3/IR,2,10/21/2015 8:51,2015-10-21,8:51:53,2015-10-21 08:51:53,10/21/2015 11:28,9424
25,Archived,ABELL-S1063,ACS/WFC_WFC3/IR,2,10/22/2015 8:40,2015-10-22,8:40:14,2015-10-22 08:40:14,10/22/2015 11:19,9582
B1,Archived,ABELL-S1063,ACS/WFC_WFC3/IR,4,10/25/2015 3:26,2015-10-25,3:26:54,2015-10-25 03:26:54,10/25/2015 9:22,21314
B2,Archived,ABELL-S1063,ACS/WFC_WFC3/IR,4,10/27/2015 7:55,2015-10-27,7:55:00,2015-10-27 07:55:00,10/27/2015 13:52,21456
B4,Archived,ABELL-S1063,ACS/WFC_WFC3/IR,4,11/1/2015 7:09,2015-11-01,7:09:23,2015-11-01 07:09:23,11/1/2015 13:08,21569
B3,Archived,ABELL-S1063,ACS/WFC_WFC3/IR,4,11/5/2015 4:57,2015-11-05,4:57:15,2015-11-05 04:57:15,11/5/2015 10:52,21315
30,Archived,ABELL-S1063,ACS/WFC_WFC3/IR,2,11/6/2015 3:12,2015-11-06,3:12:52,2015-11-06 03:12:52,11/6/2015 5:52,9584
B5,Archived,ABELL-S1063,ACS/WFC_WFC3/IR,4,11/7/2015 23:44,2015-11-07,23:44:25,2015-11-07 23:44:25,11/8/2015 5:40,21367
B6,Archived,ABELL-S1063,ACS/WFC_WFC3/IR,4,11/8/2015 6:18,2015-11-08,6:18:24,2015-11-08 06:18:24,11/8/2015 12:04,20769
B7,Archived,ABELL-S1063,ACS/WFC_WFC3/IR,4,11/9/2015 10:46,2015-11-09,10:46:04,2015-11-09 10:46:04,11/9/2015 16:53,22054
B8,Archived,ABELL-S1063,ACS/WFC_WFC3/IR,4,11/11/2015 5:42,2015-11-11,5:42:17,2015-11-11 05:42:17,11/11/2015 11:39,21453
B9,Archived,ABELL-S1063,ACS/WFC_WFC3/IR,4,11/12/2015 5:35,2015-11-12,5:35:45,2015-11-12 05:35:45,11/12/2015 11:33,21458
BA,Archived,ABELL-S1063,ACS/WFC_WFC3/IR,2,11/13/2015 3:53,2015-11-13,3:53:58,2015-11-13 03:53:58,11/13/2015 6:58,11078
BB,Archived,ABELL-S1063,ACS/WFC_WFC3/IR,2,11/13/2015 7:12,2015-11-13,7:12:48,2015-11-13 07:12:48,11/13/2015 9:46,9246
40,Archived,ABELL-S1063,ACS/WFC_WFC3/IR,2,4/21/2016 1:20,2016-04-21,1:20:11,2016-04-21 01:20:11,4/21/2016 6:35,18928
91,Archived,ABELL-S1063,ACS/WFC_WFC3/IR,4,4/21/2016 8:53,2016-04-21,8:53:08,2016-04-21 08:53:08,4/21/2016 14:39,20758
92,Archived,ABELL-S1063,ACS/WFC_WFC3/IR,4,4/21/2016 20:01,2016-04-21,20:01:18,2016-04-21 20:01:18,4/22/2016 1:58,21428
45,Archived,ABELL-S1063,ACS/WFC_WFC3/IR,2,4/22/2016 2:47,2016-04-22,2:47:55,2016-04-22 02:47:55,4/22/2016 8:00,18725
96,Archived,ABELL-S1063,ACS/WFC_WFC3/IR,4,4/22/2016 8:45,2016-04-22,8:45:05,2016-04-22 08:45:05,4/22/2016 14:29,20655
93,Archived,ABELL-S1063,ACS/WFC_WFC3/IR,4,4/22/2016 19:54,2016-04-22,19:54:31,2016-04-22 19:54:31,4/23/2016 1:48,21245
60,Archived,ABELL-S1063,ACS/WFC_WFC3/IR,2,4/23/2016 18:12,2016-04-23,18:12:04,2016-04-23 18:12:04,4/23/2016 20:36,8668
94,Archived,ABELL-S1063,ACS/WFC_WFC3/IR,4,4/23/2016 21:22,2016-04-23,21:22:49,2016-04-23 21:22:49,4/24/2016 3:18,21321
95,Archived,ABELL-S1063,ACS/WFC_WFC3/IR,4,4/24/2016 16:27,2016-04-24,16:27:48,2016-04-24 16:27:48,4/24/2016 22:09,20485
55,Archived,ABELL-S1063,ACS/WFC_WFC3/IR,2,4/25/2016 10:01,2016-04-25,10:01:14,2016-04-25 10:01:14,4/25/2016 12:25,8668
50,Archived,ABELL-S1063,ACS/WFC_WFC3/IR,2,4/25/2016 13:12,2016-04-25,13:12:24,2016-04-25 13:12:24,4/25/2016 15:37,8684
97,Archived,ABELL-S1063,ACS/WFC_WFC3/IR,4,4/25/2016 16:16,2016-04-25,16:16:17,2016-04-25 16:16:17,4/25/2016 22:04,20909
98,Archived,ABELL-S1063,ACS/WFC_WFC3/IR,4,4/25/2016 22:45,2016-04-25,22:45:46,2016-04-25 22:45:46,4/26/2016 4:35,20994
65,Archived,ABELL-S1063,ACS/WFC_WFC3/IR,2,4/26/2016 5:07,2016-04-26,5:07:40,2016-04-26 05:07:40,4/26/2016 7:34,8800
99,Archived,ABELL-S1063,ACS/WFC_WFC3/IR,4,4/26/2016 19:22,2016-04-26,19:22:41,2016-04-26 19:22:41,4/27/2016 1:11,20943
51,Archived,ABELL-S1063,ACS/WFC_WFC3/IR,2,5/4/2016 0:49,2016-05-04,0:49:34,2016-05-04 00:49:34,5/4/2016 3:29,9567
37,Archived,ABELL-S1063,ACS/WFC_WFC3/IR,2,5/16/2016 19:34,2016-05-16,19:34:35,2016-05-16 19:34:35,5/16/2016 22:14,9580
38,Archived,ABELL-S1063,ACS/WFC_WFC3/IR,2,5/22/2016 20:12,2016-05-22,20:12:51,2016-05-22 20:12:51,5/22/2016 22:52,9580
81,Archived,ABELL-S1063,ACS/WFC_WFC3/IR,4,5/25/2016 18:08,2016-05-25,18:08:56,2016-05-25 18:08:56,5/26/2016 0:04,21308
63,Archived,ABELL-S1063,ACS/WFC_WFC3/IR,2,5/26/2016 0:30,2016-05-26,0:30:23,2016-05-26 00:30:23,5/26/2016 4:42,15143
67,Archived,ABELL-S1063,ACS/WFC_WFC3/IR,2,5/26/2016 16:24,2016-05-26,16:24:00,2016-05-26 16:24:00,5/26/2016 19:03,9580
82,Archived,ABELL-S1063,ACS/WFC_WFC3/IR,4,5/28/2016 14:29,2016-05-28,14:29:26,2016-05-28 14:29:26,5/28/2016 20:24,21307
83,Archived,ABELL-S1063,ACS/WFC_WFC3/IR,4,5/30/2016 15:45,2016-05-30,15:45:20,2016-05-30 15:45:20,5/30/2016 21:40,21307
38,Archived,ABELL-370,ACS/WFC_WFC3/IR,2,7/18/2015 23:59,2015-07-18,23:59:18,2015-07-18 23:59:18,7/19/2015 2:39,9586
B1,Archived,ABELL-370,ACS/WFC_WFC3/IR,4,12/19/2015 3:47,2015-12-19,3:47:31,2015-12-19 03:47:31,12/19/2015 9:42,21316
B2,Archived,ABELL-370,ACS/WFC_WFC3/IR,4,12/20/2015 6:49,2015-12-20,6:49:29,2015-12-20 06:49:29,12/20/2015 12:44,21317
5,Archived,ABELL-370,ACS/WFC_WFC3/IR,2,12/22/2015 11:18,2015-12-22,11:18:00,2015-12-22 11:18:00,12/22/2015 13:57,9583
15,Archived,ABELL-370,ACS/WFC_WFC3/IR,2,12/24/2015 6:14,2015-12-24,6:14:21,2015-12-24 06:14:21,12/24/2015 9:20,11186
B4,Archived,ABELL-370,ACS/WFC_WFC3/IR,4,12/24/2015 9:26,2015-12-24,9:26:10,2015-12-24 09:26:10,12/24/2015 15:20,21261
B5,Archived,ABELL-370,ACS/WFC_WFC3/IR,4,12/26/2015 9:08,2015-12-26,9:08:01,2015-12-26 09:08:01,12/26/2015 15:03,21320
B6,Archived,ABELL-370,ACS/WFC_WFC3/IR,4,12/26/2015 15:31,2015-12-26,15:31:00,2015-12-26 15:31:00,12/26/2015 21:25,21245
B7,Archived,ABELL-370,ACS/WFC_WFC3/IR,4,12/27/2015 7:24,2015-12-27,7:24:03,2015-12-27 07:24:03,12/27/2015 13:19,21321
10,Archived,ABELL-370,ACS/WFC_WFC3/IR,2,12/28/2015 13:37,2015-12-28,13:37:20,2015-12-28 13:37:20,12/28/2015 16:17,9584.000001
B8,Archived,ABELL-370,ACS/WFC_WFC3/IR,4,12/29/2015 10:18,2015-12-29,10:18:00,2015-12-29 10:18:00,12/29/2015 16:13,21321
B9,Archived,ABELL-370,ACS/WFC_WFC3/IR,4,1/2/2016 8:08,2016-01-02,8:08:31,2016-01-02 08:08:31,1/2/2016 14:03,21320
30,Archived,ABELL-370,ACS/WFC_WFC3/IR,2,1/3/2016 4:49,2016-01-03,4:49:04,2016-01-03 04:49:04,1/3/2016 9:25,16609
20,Archived,ABELL-370,ACS/WFC_WFC3/IR,2,1/10/2016 8:33,2016-01-10,8:33:03,2016-01-10 08:33:03,1/10/2016 11:12,9582
25,Archived,ABELL-370,ACS/WFC_WFC3/IR,2,1/11/2016 6:48,2016-01-11,6:48:49,2016-01-11 06:48:49,1/11/2016 10:39,13841
A1,Archived,ABELL-370,ACS/WFC_WFC3/IR,4,1/13/2016 12:52,2016-01-13,12:52:25,2016-01-13 12:52:25,1/13/2016 18:47,21315
A2,Archived,ABELL-370,ACS/WFC_WFC3/IR,4,1/17/2016 7:30,2016-01-17,7:30:22,2016-01-17 07:30:22,1/17/2016 13:25,21316
16,Archived,ABELL-370,ACS/WFC_WFC3/IR,2,1/20/2016 11:50,2016-01-20,11:50:09,2016-01-20 11:50:09,1/20/2016 14:29,9583
A3,Archived,ABELL-370,ACS/WFC_WFC3/IR,4,1/23/2016 9:48,2016-01-23,9:48:41,2016-01-23 09:48:41,1/23/2016 15:44,21320
2,Archived,ABELL-370,ACS/WFC_WFC3/IR,2,1/24/2016 9:40,2016-01-24,9:40:04,2016-01-24 09:40:04,1/24/2016 12:19,9584
32,Archived,ABELL-370,ACS/WFC_WFC3/IR,2,1/25/2016 9:32,2016-01-25,9:32:50,2016-01-25 09:32:50,1/25/2016 12:11,9499
28,Archived,ABELL-370,ACS/WFC_WFC3/IR,2,1/28/2016 9:05,2016-01-28,9:05:35,2016-01-28 09:05:35,1/28/2016 11:45,9584.000001
R1,Archived,ABELL-370,ACS/WFC_WFC3/IR,2,2/17/2016 2:56,2016-02-17,2:56:07,2016-02-17 02:56:07,2/17/2016 6:03,11240
R3,Archived,ABELL-370,ACS/WFC_WFC3/IR,4,2/17/2016 6:07,2016-02-17,6:07:56,2016-02-17 06:07:56,2/17/2016 12:02,21280
91,Archived,ABELL-370,ACS/WFC_WFC3/IR,4,7/27/2016 16:47,2016-07-27,16:47:23,2016-07-27 16:47:23,7/27/2016 22:42,21313
92,Archived,ABELL-370,ACS/WFC_WFC3/IR,4,7/28/2016 15:02,2016-07-28,15:02:50,2016-07-28 15:02:50,7/28/2016 20:58,21313
45,Archived,ABELL-370,ACS/WFC_WFC3/IR,2,7/28/2016 21:24,2016-07-28,21:24:24,2016-07-28 21:24:24,7/29/2016 0:04,9584
93,Archived,ABELL-370,ACS/WFC_WFC3/IR,4,7/29/2016 13:18,2016-07-29,13:18:20,2016-07-29 13:18:20,7/29/2016 19:39,22885
50,Archived,ABELL-370,ACS/WFC_WFC3/IR,2,7/29/2016 19:39,2016-07-29,19:39:54,2016-07-29 19:39:54,7/29/2016 22:19,9582
55,Archived,ABELL-370,ACS/WFC_WFC3/IR,2,7/30/2016 19:30,2016-07-30,19:30:52,2016-07-30 19:30:52,7/30/2016 22:10,9582
40,Archived,ABELL-370,ACS/WFC_WFC3/IR,2,8/2/2016 14:17,2016-08-02,14:17:44,2016-08-02 14:17:44,8/2/2016 17:19,10919
95,Archived,ABELL-370,ACS/WFC_WFC3/IR,4,8/2/2016 20:40,2016-08-02,20:40:00,2016-08-02 20:40:00,8/3/2016 2:35,21329
96,Archived,ABELL-370,ACS/WFC_WFC3/IR,4,8/3/2016 20:31,2016-08-03,20:31:07,2016-08-03 20:31:07,8/4/2016 2:25,21279
97,Archived,ABELL-370,ACS/WFC_WFC3/IR,4,8/4/2016 18:46,2016-08-04,18:46:49,2016-08-04 18:46:49,8/5/2016 0:41,21280
60,Archived,ABELL-370,ACS/WFC_WFC3/IR,2,8/5/2016 1:07,2016-08-05,1:07:50,2016-08-05 01:07:50,8/5/2016 3:47,9581.999999
98,Archived,ABELL-370,ACS/WFC_WFC3/IR,4,8/5/2016 17:02,2016-08-05,17:02:31,2016-08-05 17:02:31,8/5/2016 22:57,21280
99,Archived,ABELL-370,ACS/WFC_WFC3/IR,4,8/7/2016 16:44,2016-08-07,16:44:03,2016-08-07 16:44:03,8/7/2016 22:39,21315
R4,Archived,ABELL-370,ACS/WFC_WFC3/IR,4,8/21/2016 16:09,2016-08-21,16:09:55,2016-08-21 16:09:55,8/21/2016 22:05,21311
81,Archived,ABELL-370,ACS/WFC_WFC3/IR,4,9/3/2016 12:36,2016-09-03,12:36:22,2016-09-03 12:36:22,9/3/2016 18:31,21315
82,Archived,ABELL-370,ACS/WFC_WFC3/IR,4,9/4/2016 15:38,2016-09-04,15:38:06,2016-09-04 15:38:06,9/4/2016 21:33,21314
83,Archived,ABELL-370,ACS/WFC_WFC3/IR,4,9/6/2016 10:33,2016-09-06,10:33:42,2016-09-06 10:33:42,9/6/2016 16:28,21313
37,Archived,ABELL-370,ACS/WFC_WFC3/IR,2,9/8/2016 19:47,2016-09-08,19:47:33,2016-09-08 19:47:33,9/8/2016 23:49,14529
51,Archived,ABELL-370,ACS/WFC_WFC3/IR,2,9/9/2016 18:02,2016-09-09,18:02:52,2016-09-09 18:02:52,9/9/2016 20:42,9581
63,Archived,ABELL-370,ACS/WFC_WFC3/IR,2,9/10/2016 19:28,2016-09-10,19:28:54,2016-09-10 19:28:54,9/10/2016 23:30,14477
65,Archived,ABELL-370,ACS/WFC_WFC3/IR,2,9/11/2016 12:58,2016-09-11,12:58:02,2016-09-11 12:58:02,9/11/2016 15:37,9580
67,Archived,ABELL-370,ACS/WFC_WFC3/IR,2,9/11/2016 16:08,2016-09-11,16:08:47,2016-09-11 16:08:47,9/11/2016 18:48,9580
1,Archived,MACS1149,WFC3/UVIS,2,11/24/2014 1:11,2014-11-24,1:11:17,2014-11-24 01:11:17,11/24/2014 3:46,9312
2,Archived,MACS1149,WFC3/UVIS,2,11/24/2014 18:42,2014-11-24,18:42:00,2014-11-24 18:42:00,11/24/2014 21:17,9312
5,Archived,ABELLS1063,ACS/WFC_WFC3/UVIS,4,4/20/2016 16:59,2016-04-20,16:59:27,2016-04-20 16:59:27,4/20/2016 22:49,20989
6,Archived,ABELLS1063,ACS/WFC_WFC3/UVIS,4,4/27/2016 1:50,2016-04-27,1:50:36,2016-04-27 01:50:36,4/27/2016 7:37,20794
7,Archived,ABELLS1063,ACS/WFC_WFC3/UVIS,4,4/27/2016 19:13,2016-04-27,19:13:51,2016-04-27 19:13:51,4/28/2016 1:09,21316
8,Archived,ABELLS1063,ACS/WFC_WFC3/UVIS,4,4/28/2016 1:42,2016-04-28,1:42:57,2016-04-28 01:42:57,4/28/2016 7:31,20916
2,Archived,MACSJ0416,ACS/WFC_WFC3/UVIS,4,7/29/2016 22:58,2016-07-29,22:58:48,2016-07-29 22:58:48,7/30/2016 4:56,21464
1,Archived,MACSJ0416,ACS/WFC_WFC3/UVIS,4,8/1/2016 20:57,2016-08-01,20:57:59,2016-08-01 20:57:59,8/2/2016 2:52,21261
3,Archived,MACSJ0416,ACS/WFC_WFC3/UVIS,4,8/10/2016 21:12,2016-08-10,21:12:38,2016-08-10 21:12:38,8/11/2016 3:08,21374
9,Archived,ABELL370,ACS/WFC_WFC3/UVIS,4,8/20/2016 16:19,2016-08-20,16:19:15,2016-08-20 16:19:15,8/20/2016 22:16,21436
10,Archived,ABELL370,ACS/WFC_WFC3/UVIS,4,8/20/2016 22:40,2016-08-20,22:40:46,2016-08-20 22:40:46,8/21/2016 4:38,21436
4,Archived,MACSJ0416,ACS/WFC_WFC3/UVIS,4,9/1/2016 17:45,2016-09-01,17:45:49,2016-09-01 17:45:49,9/1/2016 23:42,21423
11,Archived,ABELL370,ACS/WFC_WFC3/UVIS,4,9/15/2016 13:55,2016-09-15,13:55:45,2016-09-15 13:55:45,9/15/2016 19:52,21433
12,Archived,ABELL370,ACS/WFC_WFC3/UVIS,4,9/16/2016 13:46,2016-09-16,13:46:21,2016-09-16 13:46:21,9/16/2016 19:43,21433
J1,Archived,ABELL370,WFC3/IR,1,2/8/2016 2:41,2016-02-08,2:41:22,2016-02-08 02:41:22,2/8/2016 3:40,3561
J2,Archived,ABELL370,WFC3/IR,1,2/14/2016 9:44,2016-02-14,9:44:16,2016-02-14 09:44:16,2/14/2016 10:43,3561
J3,Archived,ABELL370,WFC3/IR,1,2/22/2016 5:23,2016-02-22,5:23:31,2016-02-22 05:23:31,2/22/2016 6:22,3561
J4,Archived,ABELL370,WFC3/IR,1,8/17/2016 10:29,2016-08-17,10:29:56,2016-08-17 10:29:56,8/17/2016 12:36,7598
2,Archived,ABELL370,ACS/WFC,5,12/25/2010 2:45,2010-12-25,2:45:42,2010-12-25 02:45:42,12/25/2010 10:03,26284
