wave (um), F062, F087, F106, F129, F146, F158, F184, F213
0.4,0,0,0,0,0,0,0,0
0.401,0,0,0,0,0,0,0,0
0.402,0,0,0,0,0,0,0,0
0.403,0,0,0,0,0,0,0,0
0.404,0,0,0,0,0,0,0,0
0.405,0,0,0,0,0,0,0,0
0.406,0,0,0,0,0,0,0,0
0.407,0,0,0,0,0,0,0,0
0.408,0,0,0,0,0,0,0,0
0.409,0,0,0,0,0,0,0,0
0.41,0,0,0,0,0,0,0,0
0.411,0,0,0,0,0,0,0,0
0.412,0,0,0,0,0,0,0,0
0.413,0,0,0,0,0,0,0,0
0.414,0,0,0,0,0,0,0,0
0.415,0,0,0,0,0,0,0,0
0.416,0,0,0,0,0,0,0,0
0.417,0,0,0,0,0,0,0,0
0.418,0,0,0,0,0,0,0,0
0.419,0,0,0,0,0,0,0,0
0.42,0,0,0,0,0,0,0,0
0.421,0,0,0,0,0,0,0,0
0.422,0,0,0,0,0,0,0,0
0.423,0,0,0,0,0,0,0,0
0.424,0,0,0,0,0,0,0,0
0.425,0,0,0,0,0,0,0,0
0.426,0,0,0,0,0,0,0,0
0.427,0,0,0,0,0,0,0,0
0.428,0,0,0,0,0,0,0,0
0.429,0,0,0,0,0,0,0,0
0.43,0,0,0,0,0,0,0,0
0.431,0,0,0,0,0,0,0,0
0.432,0,0,0,0,0,0,0,0
0.433,0,0,0,0,0,0,0,0
0.434,0,0,0,0,0,0,0,0
0.435,0,0,0,0,0,0,0,0
0.436,0,0,0,0,0,0,0,0
0.437,0,0,0,0,0,0,0,0
0.438,0,0,0,0,0,0,0,0
0.439,0,0,0,0,0,0,0,0
0.44,0,0,0,0,0,0,0,0
0.441,0,0,0,0,0,0,0,0
0.442,0,0,0,0,0,0,0,0
0.443,0,0,0,0,0,0,0,0
0.444,0,0,0,0,0,0,0,0
0.445,0,0,0,0,0,0,0,0
0.446,0,0,0,0,0,0,0,0
0.447,0,0,0,0,0,0,0,0
0.448,0,0,0,0,0,0,0,0
0.449,0,0,0,0,0,0,0,0
0.45,0,0,0,0,0,0,0,0
0.451,0,0,0,0,0,0,0,0
0.452,0,0,0,0,0,0,0,0
0.453,0,0,0,0,0,0,0,0
0.454,0,0,0,0,0,0,0,0
0.455,0,0,0,0,0,0,0,0
0.456,0,0,0,0,0,0,0,0
0.457,0,0,0,0,0,0,0,0
0.458,0.0001,0,0,0,0,0,0,0
0.459,0.0001,0,0,0,0,0,0,0
0.46,0.0003,0,0,0,0,0,0,0
0.461,0.0005,0,0,0,0,0,0,0
0.462,0.0009,0,0,0,0,0,0,0
0.463,0.0017,0,0,0,0,0,0,0
0.464,0.003,0,0,0,0,0,0,0
0.465,0.0052,0,0,0,0,0,0,0
0.466,0.0088,0,0,0,0,0,0,0
0.467,0.0143,0,0,0,0,0,0,0
0.468,0.0226,0,0,0,0,0,0,0
0.469,0.0348,0,0,0,0,0,0,0
0.47,0.052,0,0,0,0,0,0,0
0.471,0.0756,0,0,0,0,0,0,0
0.472,0.1069,0,0,0,0,0,0,0
0.473,0.1473,0,0,0,0,0,0,0
0.474,0.1976,0,0,0,0,0,0,0
0.475,0.2583,0,0,0,0,0,0,0
0.476,0.3294,0,0,0,0,0,0,0
0.477,0.4099,0,0,0,0,0,0,0
0.478,0.4984,0,0,0,0,0,0,0
0.479,0.5924,0,0,0,0,0,0,0
0.48,0.6892,0,0,0,0,0,0,0
0.481,0.7849,0,0,0,0,0,0,0
0.482,0.8771,0,0,0,0,0,0,0
0.483,0.9629,0,0,0,0,0,0,0
0.484,1.0402,0,0,0,0,0,0,0
0.485,1.108,0,0,0,0,0,0,0
0.486,1.1651,0,0,0,0,0,0,0
0.487,1.2114,0,0,0,0,0,0,0
0.488,1.2477,0,0,0,0,0,0,0
0.489,1.2755,0,0,0,0,0,0,0
0.49,1.2956,0,0,0,0,0,0,0
0.491,1.3092,0,0,0,0,0,0,0
0.492,1.318,0,0,0,0,0,0,0
0.493,1.3236,0,0,0,0,0,0,0
0.494,1.3266,0,0,0,0,0,0,0
0.495,1.3277,0,0,0,0,0,0,0
0.496,1.3276,0,0,0,0,0,0,0
0.497,1.3271,0,0,0,0,0,0,0
0.498,1.3263,0,0,0,0,0,0,0
0.499,1.3252,0,0,0,0,0,0,0
0.5,1.3243,0,0,0,0,0,0,0
0.501,1.3242,0,0,0,0,0,0,0
0.502,1.3245,0,0,0,0,0,0,0
0.503,1.3251,0,0,0,0,0,0,0
0.504,1.326,0,0,0,0,0,0,0
0.505,1.3273,0,0,0,0,0,0,0
0.506,1.3289,0,0,0,0,0,0,0
0.507,1.3308,0,0,0,0,0,0,0
0.508,1.3331,0,0,0,0,0,0,0
0.509,1.3357,0,0,0,0,0,0,0
0.51,1.3386,0,0,0,0,0,0,0
0.511,1.3417,0,0,0,0,0,0,0
0.512,1.3453,0,0,0,0,0,0,0
0.513,1.3491,0,0,0,0,0,0,0
0.514,1.3532,0,0,0,0,0,0,0
0.515,1.3572,0,0,0,0,0,0,0
0.516,1.3615,0,0,0,0,0,0,0
0.517,1.3663,0,0,0,0,0,0,0
0.518,1.3716,0,0,0,0,0,0,0
0.519,1.3771,0,0,0,0,0,0,0
0.52,1.3827,0,0,0,0,0,0,0
0.521,1.3886,0,0,0,0,0,0,0
0.522,1.3948,0,0,0,0,0,0,0
0.523,1.4013,0,0,0,0,0,0,0
0.524,1.4079,0,0,0,0,0,0,0
0.525,1.4144,0,0,0,0,0,0,0
0.526,1.4211,0,0,0,0,0,0,0
0.527,1.4284,0,0,0,0,0,0,0
0.528,1.4358,0,0,0,0,0,0,0
0.529,1.4431,0,0,0,0,0,0,0
0.53,1.4506,0,0,0,0,0,0,0
0.531,1.4587,0,0,0,0,0,0,0
0.532,1.4669,0,0,0,0,0,0,0
0.533,1.4749,0,0,0,0,0,0,0
0.534,1.4831,0,0,0,0,0,0,0
0.535,1.4918,0,0,0,0,0,0,0
0.536,1.5006,0,0,0,0,0,0,0
0.537,1.5092,0,0,0,0,0,0,0
0.538,1.518,0,0,0,0,0,0,0
0.539,1.5272,0,0,0,0,0,0,0
0.54,1.5366,0,0,0,0,0,0,0
0.541,1.5458,0,0,0,0,0,0,0
0.542,1.555,0,0,0,0,0,0,0
0.543,1.5643,0,0,0,0,0,0,0
0.544,1.5737,0,0,0,0,0,0,0
0.545,1.5831,0,0,0,0,0,0,0
0.546,1.5928,0,0,0,0,0,0,0
0.547,1.6028,0,0,0,0,0,0,0
0.548,1.613,0,0,0,0,0,0,0
0.549,1.6229,0,0,0,0,0,0,0
0.55,1.6326,0,0,0,0,0,0,0
0.551,1.6424,0,0,0,0,0,0,0
0.552,1.6524,0,0,0,0,0,0,0
0.553,1.6625,0,0,0,0,0,0,0
0.554,1.673,0,0,0,0,0,0,0
0.555,1.684,0,0,0,0,0,0,0
0.556,1.6952,0,0,0,0,0,0,0
0.557,1.7062,0,0,0,0,0,0,0
0.558,1.7171,0,0,0,0,0,0,0
0.559,1.7283,0,0,0,0,0,0,0
0.56,1.7396,0,0,0,0,0,0,0
0.561,1.751,0,0,0,0,0,0,0
0.562,1.7625,0,0,0,0,0,0,0
0.563,1.7742,0,0,0,0,0,0,0
0.564,1.7859,0,0,0,0,0,0,0
0.565,1.7976,0,0,0,0,0,0,0
0.566,1.8095,0,0,0,0,0,0,0
0.567,1.8213,0,0,0,0,0,0,0
0.568,1.8332,0,0,0,0,0,0,0
0.569,1.8452,0,0,0,0,0,0,0
0.57,1.8571,0,0,0,0,0,0,0
0.571,1.8691,0,0,0,0,0,0,0
0.572,1.8811,0,0,0,0,0,0,0
0.573,1.893,0,0,0,0,0,0,0
0.574,1.9049,0,0,0,0,0,0,0
0.575,1.9168,0,0,0,0,0,0,0
0.576,1.9286,0,0,0,0,0,0,0
0.577,1.9403,0,0,0,0,0,0,0
0.578,1.952,0,0,0,0,0,0,0
0.579,1.9636,0,0,0,0,0,0,0
0.58,1.9751,0,0,0,0,0,0,0
0.581,1.9865,0,0,0,0,0,0,0
0.582,1.9978,0,0,0,0,0,0,0
0.583,2.0089,0,0,0,0,0,0,0
0.584,2.02,0,0,0,0,0,0,0
0.585,2.0308,0,0,0,0,0,0,0
0.586,2.0415,0,0,0,0,0,0,0
0.587,2.0521,0,0,0,0,0,0,0
0.588,2.0624,0,0,0,0,0,0,0
0.589,2.0726,0,0,0,0,0,0,0
0.59,2.0826,0,0,0,0,0,0,0
0.591,2.0923,0,0,0,0,0,0,0
0.592,2.1018,0,0,0,0,0,0,0
0.593,2.1111,0,0,0,0,0,0,0
0.594,2.1201,0,0,0,0,0,0,0
0.595,2.1289,0,0,0,0,0,0,0
0.596,2.1374,0,0,0,0,0,0,0
0.597,2.1456,0,0,0,0,0,0,0
0.598,2.1535,0,0,0,0,0,0,0
0.599,2.1613,0,0,0,0,0,0,0
0.6,2.1685,0,0,0,0,0,0,0
0.601,2.1745,0,0,0,0,0,0,0
0.602,2.1803,0,0,0,0,0,0,0
0.603,2.1864,0,0,0,0,0,0,0
0.604,2.1924,0,0,0,0,0,0,0
0.605,2.1981,0,0,0,0,0,0,0
0.606,2.2036,0,0,0,0,0,0,0
0.607,2.2088,0,0,0,0,0,0,0
0.608,2.214,0,0,0,0,0,0,0
0.609,2.219,0,0,0,0,0,0,0
0.61,2.2237,0,0,0,0,0,0,0
0.611,2.2277,0,0,0,0,0,0,0
0.612,2.2315,0,0,0,0,0,0,0
0.613,2.2357,0,0,0,0,0,0,0
0.614,2.2399,0,0,0,0,0,0,0
0.615,2.2439,0,0,0,0,0,0,0
0.616,2.2477,0,0,0,0,0,0,0
0.617,2.2515,0,0,0,0,0,0,0
0.618,2.255,0,0,0,0,0,0,0
0.619,2.2579,0,0,0,0,0,0,0
0.62,2.2607,0,0,0,0,0,0,0
0.621,2.2638,0,0,0,0,0,0,0
0.622,2.2671,0,0,0,0,0,0,0
0.623,2.2704,0,0,0,0,0,0,0
0.624,2.2732,0,0,0,0,0,0,0
0.625,2.2756,0,0,0,0,0,0,0
0.626,2.2787,0,0,0,0,0,0,0
0.627,2.2821,0,0,0,0,0,0,0
0.628,2.2857,0,0,0,0,0,0,0
0.629,2.2892,0,0,0,0,0,0,0
0.63,2.2924,0,0,0,0,0,0,0
0.631,2.295,0,0,0,0,0,0,0
0.632,2.2975,0,0,0,0,0,0,0
0.633,2.3003,0,0,0,0,0,0,0
0.634,2.3033,0,0,0,0,0,0,0
0.635,2.3062,0,0,0,0,0,0,0
0.636,2.3087,0,0,0,0,0,0,0
0.637,2.3106,0,0,0,0,0,0,0
0.638,2.3125,0,0,0,0,0,0,0
0.639,2.3148,0,0,0,0,0,0,0
0.64,2.3169,0,0,0,0,0,0,0
0.641,2.3184,0,0,0,0,0,0,0
0.642,2.3197,0,0,0,0,0,0,0
0.643,2.3214,0,0,0,0,0,0,0
0.644,2.3232,0,0,0,0,0,0,0
0.645,2.3247,0,0,0,0,0,0,0
0.646,2.3261,0,0,0,0,0,0,0
0.647,2.3275,0,0,0,0,0,0,0
0.648,2.3285,0,0,0,0,0,0,0
0.649,2.3289,0,0,0,0,0,0,0
0.65,2.3291,0,0,0,0,0,0,0
0.651,2.3296,0,0,0,0,0,0,0
0.652,2.3302,0,0,0,0,0,0,0
0.653,2.3306,0,0,0,0,0,0,0
0.654,2.3306,0,0,0,0,0,0,0
0.655,2.33,0,0,0,0,0,0,0
0.656,2.3293,0,0,0,0,0,0,0
0.657,2.329,0,0,0,0,0,0,0
0.658,2.3286,0,0,0,0,0,0,0
0.659,2.3275,0,0,0,0,0,0,0
0.66,2.3263,0,0,0,0,0,0,0
0.661,2.3256,0,0,0,0,0,0,0
0.662,2.325,0,0,0,0,0,0,0
0.663,2.3242,0,0,0,0,0,0,0
0.664,2.3234,0,0,0,0,0,0,0
0.665,2.3226,0,0,0,0,0,0,0
0.666,2.3217,0,0,0,0,0,0,0
0.667,2.3202,0,0,0,0,0,0,0
0.668,2.3187,0,0,0,0,0,0,0
0.669,2.3177,0,0,0,0,0,0,0
0.67,2.317,0,0,0,0,0,0,0
0.671,2.3164,0,0,0,0,0,0,0
0.672,2.3155,0,0,0,0,0,0,0
0.673,2.3142,0,0,0,0,0,0,0
0.674,2.313,0,0,0,0,0,0,0
0.675,2.3124,0,0,0,0,0,0,0
0.676,2.3126,0,0,0,0,0,0,0
0.677,2.3128,0,0,0,0,0,0,0
0.678,2.313,0,0,0,0,0,0,0
0.679,2.3133,0,0,0,0,0,0,0
0.68,2.3136,0,0,0,0,0,0,0
0.681,2.3139,0,0,0,0,0,0,0
0.682,2.3143,0,0,0,0,0,0,0
0.683,2.3148,0,0,0,0,0,0,0
0.684,2.3152,0,0,0,0,0,0,0
0.685,2.315,0,0,0,0,0,0,0
0.686,2.3149,0,0,0,0,0,0,0
0.687,2.3152,0,0,0,0,0,0,0
0.688,2.3158,0,0,0,0,0,0,0
0.689,2.3164,0,0,0,0,0,0,0
0.69,2.3167,0,0,0,0,0,0,0
0.691,2.3165,0,0,0,0,0,0,0
0.692,2.3163,0,0,0,0,0,0,0
0.693,2.3166,0,0,0,0,0,0,0
0.694,2.317,0,0,0,0,0,0,0
0.695,2.3175,0,0,0,0,0,0,0
0.696,2.3176,0,0,0,0,0,0,0
0.697,2.3172,0,0,0,0,0,0,0
0.698,2.3168,0,0,0,0,0,0,0
0.699,2.3168,0,0,0,0,0,0,0
0.7,2.3169,0,0,0,0,0,0,0
0.701,2.3158,0,0,0,0,0,0,0
0.702,2.3146,0,0,0,0,0,0,0
0.703,2.314,0,0,0,0,0,0,0
0.704,2.3133,0,0,0,0,0,0,0
0.705,2.3121,0,0,0,0,0,0,0
0.706,2.3106,0,0,0,0,0,0,0
0.707,2.309,0,0,0,0,0,0,0
0.708,2.3077,0,0,0,0,0,0,0
0.709,2.3069,0,0,0,0,0,0,0
0.71,2.306,0,0,0,0,0,0,0
0.711,2.3045,0,0,0,0,0,0,0
0.712,2.303,0,0,0,0,0,0,0
0.713,2.3022,0,0,0,0,0,0,0
0.714,2.3013,0,0,0,0,0,0,0
0.715,2.2999,0,0,0,0,0,0,0
0.716,2.2986,0,0,0,0,0,0,0
0.717,2.2979,0,0,0,0,0,0,0
0.718,2.2973,0,0,0,0,0,0,0
0.719,2.2961,0,0,0,0,0,0,0
0.72,2.295,0,0,0,0,0,0,0
0.721,2.2946,0,0,0,0,0,0,0
0.722,2.2943,0,0,0,0,0,0,0
0.723,2.2935,0,0,0,0,0,0,0
0.724,2.2928,0.0001,0,0,0,0,0,0
0.725,2.2927,0.0001,0,0,0,0,0,0
0.726,2.2925,0.0002,0,0,0,0,0,0
0.727,2.2922,0.0002,0,0,0,0,0,0
0.728,2.2919,0.0004,0,0,0,0,0,0
0.729,2.2917,0.0006,0,0,0,0,0,0
0.73,2.2912,0.0009,0,0,0,0,0,0
0.731,2.2903,0.0013,0,0,0,0,0,0
0.732,2.2893,0.0019,0,0,0,0,0,0
0.733,2.2887,0.0028,0,0,0,0,0,0
0.734,2.2878,0.004,0,0,0,0,0,0
0.735,2.2861,0.0057,0,0,0,0,0,0
0.736,2.2838,0.008,0,0,0,0,0,0
0.737,2.2814,0.0112,0,0,0,0,0,0
0.738,2.2782,0.0154,0,0,0,0,0,0
0.739,2.2732,0.0209,0,0,0,0,0,0
0.74,2.2666,0.0282,0,0,0,0,0,0
0.741,2.2586,0.0376,0,0,0,0,0,0
0.742,2.2485,0.0495,0,0,0,0,0,0
0.743,2.2356,0.0645,0,0,0,0,0,0
0.744,2.2189,0.083,0,0,0,0,0,0
0.745,2.1979,0.1058,0,0,0,0,0,0
0.746,2.1724,0.1333,0,0,0,0,0,0
0.747,2.1422,0.1662,0,0,0,0,0,0
0.748,2.1064,0.2051,0,0,0,0,0,0
0.749,2.0639,0.2503,0,0,0,0,0,0
0.75,2.0147,0.3024,0,0,0,0,0,0
0.751,1.9598,0.3619,0,0,0,0,0,0
0.752,1.898,0.4288,0,0,0,0,0,0
0.753,1.8292,0.5031,0,0,0,0,0,0
0.754,1.7533,0.5846,0,0,0,0,0,0
0.755,1.6705,0.6726,0,0,0,0,0,0
0.756,1.5818,0.7669,0,0,0,0,0,0
0.757,1.4884,0.8666,0,0,0,0,0,0
0.758,1.3908,0.9708,0,0,0,0,0,0
0.759,1.2897,1.0778,0,0,0,0,0,0
0.76,1.1868,1.1868,0,0,0,0,0,0
0.761,1.0837,1.2968,0,0,0,0,0,0
0.762,0.9814,1.406,0,0,0,0,0,0
0.763,0.8809,1.5128,0,0,0,0,0,0
0.764,0.7836,1.6163,0,0,0,0,0,0
0.765,0.6909,1.7157,0,0,0,0,0,0
0.766,0.6035,1.81,0,0,0,0,0,0
0.767,0.5221,1.8982,0,0,0,0,0,0
0.768,0.4472,1.9794,0,0,0,0,0,0
0.769,0.3791,2.0531,0,0,0,0,0,0
0.77,0.3182,2.1195,0,0,0,0,0,0
0.771,0.2643,2.1792,0,0,0,0,0,0
0.772,0.2173,2.2319,0,0,0,0,0,0
0.773,0.1767,2.2771,0,0,0,0,0,0
0.774,0.1421,2.316,0,0,0,0,0,0
0.775,0.1131,2.3496,0,0,0,0,0,0
0.776,0.0889,2.3768,0,0,0,0,0,0
0.777,0.0692,2.3986,0,0,0,0,0,0
0.778,0.0532,2.4163,0,0,0,0,0,0
0.779,0.0404,2.4311,0,0,0,0,0,0
0.78,0.0304,2.443,0,0,0,0,0,0
0.781,0.0226,2.4518,0,0,0,0,0,0
0.782,0.0166,2.4585,0,0,0,0,0,0
0.783,0.0121,2.464,0,0,0,0,0,0
0.784,0.0087,2.4686,0,0,0,0,0,0
0.785,0.0061,2.4721,0,0,0,0,0,0
0.786,0.0043,2.4745,0,0,0,0,0,0
0.787,0.003,2.4758,0,0,0,0,0,0
0.788,0.002,2.4767,0,0,0,0,0,0
0.789,0.0014,2.4778,0,0,0,0,0,0
0.79,0.0009,2.4787,0,0,0,0,0,0
0.791,0.0006,2.4788,0,0,0,0,0,0
0.792,0.0004,2.4788,0,0,0,0,0,0
0.793,0.0003,2.4792,0,0,0,0,0,0
0.794,0.0002,2.4799,0,0,0,0,0,0
0.795,0.0001,2.4807,0,0,0,0,0,0
0.796,0.0001,2.4813,0,0,0,0,0,0
0.797,0,2.4814,0,0,0,0,0,0
0.798,0,2.4817,0,0,0,0,0,0
0.799,0,2.4828,0,0,0,0,0,0
0.8,0,2.484,0,0,0,0,0,0
0.801,0,2.4856,0,0,0,0,0,0
0.802,0,2.4874,0,0,0,0,0,0
0.803,0,2.4899,0,0,0,0,0,0
0.804,0,2.4925,0,0,0,0,0,0
0.805,0,2.4948,0,0,0,0,0,0
0.806,0,2.4968,0,0,0,0,0,0
0.807,0,2.4989,0,0,0,0,0,0
0.808,0,2.5014,0,0,0,0,0,0
0.809,0,2.5044,0,0,0,0,0,0
0.81,0,2.5075,0,0,0,0,0,0
0.811,0,2.5101,0,0,0,0,0,0
0.812,0,2.5125,0,0,0,0,0,0
0.813,0,2.5149,0,0,0,0,0,0
0.814,0,2.5177,0,0,0,0,0,0
0.815,0,2.5209,0,0,0,0,0,0
0.816,0,2.5242,0,0,0,0,0,0
0.817,0,2.5269,0,0,0,0,0,0
0.818,0,2.5294,0,0,0,0,0,0
0.819,0,2.5318,0,0,0,0,0,0
0.82,0,2.5345,0,0,0,0,0,0
0.821,0,2.5377,0,0,0,0,0,0
0.822,0,2.5408,0,0,0,0,0,0
0.823,0,2.5432,0,0,0,0,0,0
0.824,0,2.5455,0,0,0,0,0,0
0.825,0,2.5484,0,0,0,0,0,0
0.826,0,2.5508,0,0,0,0,0,0
0.827,0,2.5525,0,0,0,0,0,0
0.828,0,2.5539,0,0,0,0,0,0
0.829,0,2.5554,0,0,0,0,0,0
0.83,0,2.5569,0,0,0,0,0,0
0.831,0,2.5583,0,0,0,0,0,0
0.832,0,2.5597,0,0,0,0,0,0
0.833,0,2.561,0,0,0,0,0,0
0.834,0,2.5624,0,0,0,0,0,0
0.835,0,2.5638,0,0,0,0,0,0
0.836,0,2.5651,0,0,0,0,0,0
0.837,0,2.5663,0,0,0,0,0,0
0.838,0,2.5679,0,0,0,0,0,0
0.839,0,2.5699,0,0,0,0,0,0
0.84,0,2.5721,0,0,0,0,0,0
0.841,0,2.5737,0,0,0,0,0,0
0.842,0,2.5751,0,0,0,0,0,0
0.843,0,2.5766,0,0,0,0,0,0
0.844,0,2.5784,0,0,0,0,0,0
0.845,0,2.5809,0,0,0,0,0,0
0.846,0,2.5834,0,0,0,0,0,0
0.847,0,2.5854,0,0,0,0,0,0
0.848,0,2.5874,0,0,0,0,0,0
0.849,0,2.5901,0,0,0,0,0,0
0.85,0,2.5932,0,0,0,0,0,0
0.851,0,2.5966,0,0,0,0,0,0
0.852,0,2.6,0,0,0,0,0,0
0.853,0,2.6037,0,0,0,0,0,0
0.854,0,2.6073,0,0,0,0,0,0
0.855,0,2.6103,0,0,0,0,0,0
0.856,0,2.6136,0,0,0,0,0,0
0.857,0,2.6175,0,0,0,0,0,0
0.858,0,2.6215,0,0,0,0,0,0
0.859,0,2.625,0,0,0,0,0,0
0.86,0,2.6284,0,0,0,0,0,0
0.861,0,2.6324,0,0,0,0,0,0
0.862,0,2.6368,0,0,0,0,0,0
0.863,0,2.6412,0,0,0,0,0,0
0.864,0,2.6454,0,0,0,0,0,0
0.865,0,2.6491,0,0,0,0,0,0
0.866,0,2.6527,0,0,0,0,0,0
0.867,0,2.6564,0,0,0,0,0,0
0.868,0,2.6601,0,0,0,0,0,0
0.869,0,2.6636,0,0,0,0,0,0
0.87,0,2.6675,0,0,0,0,0,0
0.871,0,2.6718,0,0,0,0,0,0
0.872,0,2.6761,0,0,0,0,0,0
0.873,0,2.6797,0,0,0,0,0,0
0.874,0,2.6833,0,0,0,0,0,0
0.875,0,2.6873,0,0,0,0,0,0
0.876,0,2.6916,0,0,0,0,0,0
0.877,0,2.6959,0,0,0,0,0,0
0.878,0,2.6999,0,0,0,0,0,0
0.879,0,2.7033,0,0,0,0,0,0
0.88,0,2.7067,0,0,0,0,0,0
0.881,0,2.7109,0,0,0,0,0,0
0.882,0,2.7149,0,0,0,0,0,0
0.883,0,2.7183,0.0001,0,0.0001,0,0,0
0.884,0,2.7216,0.0001,0,0.0001,0,0,0
0.885,0,2.7256,0.0001,0,0.0001,0,0,0
0.886,0,2.7296,0.0002,0,0.0002,0,0,0
0.887,0,2.7328,0.0003,0,0.0003,0,0,0
0.888,0,2.7359,0.0004,0,0.0004,0,0,0
0.889,0,2.7397,0.0006,0,0.0006,0,0,0
0.89,0,2.7435,0.0009,0,0.0009,0,0,0
0.891,0,2.7467,0.0012,0,0.0012,0,0,0
0.892,0,2.7494,0.0017,0,0.0017,0,0,0
0.893,0,2.7521,0.0024,0,0.0024,0,0,0
0.894,0,2.7551,0.0033,0,0.0033,0,0,0
0.895,0,2.7585,0.0044,0,0.0044,0,0,0
0.896,0,2.7618,0.0059,0,0.0059,0,0,0
0.897,0,2.7645,0.0079,0,0.0079,0,0,0
0.898,0,2.7668,0.0104,0,0.0104,0,0,0
0.899,0,2.769,0.0137,0,0.0137,0,0,0
0.9,0,2.7714,0.0178,0,0.0178,0,0,0
0.901,0,2.7745,0.023,0,0.023,0,0,0
0.902,0,2.7775,0.0295,0,0.0295,0,0,0
0.903,0,2.7797,0.0375,0,0.0375,0,0,0
0.904,0,2.7818,0.0474,0,0.0474,0,0,0
0.905,0,2.7844,0.0594,0,0.0594,0,0,0
0.906,0,2.7872,0.0738,0,0.0738,0,0,0
0.907,0,2.79,0.0912,0,0.0912,0,0,0
0.908,0,2.7923,0.1117,0,0.1117,0,0,0
0.909,0,2.794,0.1358,0,0.1358,0,0,0
0.91,0,2.7957,0.1639,0,0.1639,0,0,0
0.911,0,2.7977,0.1964,0,0.1964,0,0,0
0.912,0,2.8001,0.2337,0,0.2337,0,0,0
0.913,0,2.8023,0.2761,0,0.2761,0,0,0
0.914,0,2.8042,0.3238,0,0.3238,0,0,0
0.915,0,2.8053,0.3771,0,0.3771,0,0,0
0.916,0,2.8064,0.4361,0,0.4361,0,0,0
0.917,0,2.808,0.501,0,0.501,0,0,0
0.918,0,2.8098,0.5717,0,0.5717,0,0,0
0.919,0,2.8115,0.6481,0,0.6481,0,0,0
0.92,0,2.8127,0.7298,0,0.7298,0,0,0
0.921,0,2.8133,0.8163,0,0.8163,0,0,0
0.922,0,2.8138,0.9075,0,0.9075,0,0,0
0.923,0,2.815,1.0028,0,1.0028,0,0,0
0.924,0,2.816,1.1014,0,1.1014,0,0,0
0.925,0,2.8162,1.2022,0,1.2022,0,0,0
0.926,0,2.8165,1.3049,0,1.3049,0,0,0
0.927,0,2.8174,1.4087,0,1.4087,0,0,0
0.928,0,2.8181,1.5125,0,1.5125,0,0,0
0.929,0,2.8181,1.6151,0,1.6151,0,0,0
0.93,0,2.8178,1.7158,0,1.7158,0,0,0
0.931,0,2.8181,1.8143,0,1.8143,0,0,0
0.932,0,2.8186,1.9097,0,1.9097,0,0,0
0.933,0,2.819,2.0011,0,2.0011,0,0,0
0.934,0,2.8189,2.0877,0,2.0877,0,0,0
0.935,0,2.8184,2.169,0,2.169,0,0,0
0.936,0,2.8174,2.2446,0,2.2446,0,0,0
0.937,0,2.8164,2.3144,0,2.3144,0,0,0
0.938,0,2.8154,2.3787,0,2.3787,0,0,0
0.939,0,2.8148,2.4375,0,2.4375,0,0,0
0.94,0,2.8143,2.4908,0,2.4908,0,0,0
0.941,0,2.8137,2.5385,0,2.5385,0,0,0
0.942,0,2.8124,2.5805,0,2.5805,0,0,0
0.943,0,2.8103,2.6169,0,2.6169,0,0,0
0.944,0,2.8079,2.6485,0,2.6485,0,0,0
0.945,0,2.8058,2.6763,0,2.6763,0,0,0
0.946,0,2.8032,2.7002,0,2.7002,0,0,0
0.947,0,2.7993,2.7197,0,2.7197,0,0,0
0.948,0,2.7946,2.7359,0,2.7359,0,0,0
0.949,0,2.7896,2.7498,0,2.7498,0,0,0
0.95,0,2.7839,2.7617,0,2.7617,0,0,0
0.951,0,2.7772,2.7716,0,2.7716,0,0,0
0.952,0,2.7687,2.7794,0,2.7794,0,0,0
0.953,0,2.7579,2.785,0,2.785,0,0,0
0.954,0,2.7452,2.7894,0,2.7894,0,0,0
0.955,0,2.7306,2.7932,0,2.7932,0,0,0
0.956,0,2.7138,2.7964,0,2.7964,0,0,0
0.957,0,2.694,2.7987,0,2.7987,0,0,0
0.958,0,2.6708,2.8004,0,2.8004,0,0,0
0.959,0,2.644,2.8016,0,2.8016,0,0,0
0.96,0,2.6134,2.8025,0,2.8025,0,0,0
0.961,0,2.5786,2.8033,0,2.8033,0,0,0
0.962,0,2.5391,2.8034,0,2.8034,0,0,0
0.963,0,2.4944,2.8029,0,2.8029,0,0,0
0.964,0,2.4447,2.8022,0,2.8022,0,0,0
0.965,0,2.3904,2.8019,0,2.8019,0,0,0
0.966,0,2.3313,2.8019,0,2.8019,0,0,0
0.967,0,2.2669,2.8017,0,2.8017,0,0,0
0.968,0,2.1973,2.8013,0,2.8013,0,0,0
0.969,0,2.1228,2.8009,0,2.8009,0,0,0
0.97,0,2.0438,2.8006,0,2.8006,0,0,0
0.971,0,1.9605,2.8004,0,2.8004,0,0,0
0.972,0,1.8731,2.7998,0,2.7998,0,0,0
0.973,0,1.782,2.7987,0,2.7987,0,0,0
0.974,0,1.6882,2.7975,0,2.7975,0,0,0
0.975,0,1.5926,2.797,0,2.797,0,0,0
0.976,0,1.4957,2.7966,0,2.7966,0,0,0
0.977,0,1.3981,2.7962,0,2.7962,0,0,0
0.978,0,1.3005,2.7957,0,2.7957,0,0,0
0.979,0,1.2037,2.7954,0,2.7954,0,0,0
0.98,0,1.1083,2.7948,0,2.7948,0,0,0
0.981,0,1.0148,2.7936,0,2.7936,0,0,0
0.982,0,0.9243,2.7924,0,2.7924,0,0,0
0.983,0,0.8374,2.7918,0,2.7918,0,0,0
0.984,0,0.7544,2.7915,0,2.7915,0,0,0
0.985,0,0.6759,2.7912,0,2.7912,0,0,0
0.986,0,0.6019,2.7905,0,2.7905,0,0,0
0.987,0,0.5327,2.7893,0,2.7893,0,0,0
0.988,0,0.4687,2.7882,0,2.7882,0,0,0
0.989,0,0.4099,2.7876,0,2.7876,0,0,0
0.99,0,0.3564,2.7872,0,2.7872,0,0,0
0.991,0,0.3079,2.7868,0,2.7868,0,0,0
0.992,0,0.2643,2.7863,0,2.7863,0,0,0
0.993,0,0.2254,2.7859,0,2.7859,0,0,0
0.994,0,0.1911,2.7854,0,2.7854,0,0,0
0.995,0,0.1609,2.785,0,2.785,0,0,0
0.996,0,0.1346,2.7846,0,2.7846,0,0,0
0.997,0,0.1119,2.7843,0,2.7843,0,0,0
0.998,0,0.0924,2.7838,0,2.7838,0,0,0
0.999,0,0.0757,2.7827,0,2.7827,0,0,0
1,0,0.0617,2.7816,0,2.7816,0,0,0
1.001,0,0.0499,2.7811,0,2.7811,0,0,0
1.002,0,0.0401,2.7809,0,2.7809,0,0,0
1.003,0,0.032,2.7806,0,2.7806,0,0,0
1.004,0,0.0254,2.7802,0,2.7802,0,0,0
1.005,0,0.02,2.7799,0,2.7799,0,0,0
1.006,0,0.0156,2.7796,0,2.7796,0,0,0
1.007,0,0.0121,2.7793,0,2.7793,0,0,0
1.008,0,0.0093,2.779,0,2.779,0,0,0
1.009,0,0.0071,2.7787,0,2.7787,0,0,0
1.01,0,0.0054,2.7784,0,2.7784,0,0,0
1.011,0,0.0041,2.7781,0,2.7781,0,0,0
1.012,0,0.0031,2.7778,0,2.7778,0,0,0
1.013,0,0.0023,2.7775,0,2.7775,0,0,0
1.014,0,0.0017,2.7772,0,2.7772,0,0,0
1.015,0,0.0012,2.777,0,2.777,0,0,0
1.016,0,0.0009,2.7767,0,2.7767,0,0,0
1.017,0,0.0007,2.7764,0,2.7764,0,0,0
1.018,0,0.0005,2.7762,0,2.7762,0,0,0
1.019,0,0.0003,2.7759,0,2.7759,0,0,0
1.02,0,0.0002,2.7757,0,2.7757,0,0,0
1.021,0,0.0002,2.7754,0,2.7754,0,0,0
1.022,0,0.0001,2.7752,0,2.7752,0,0,0
1.023,0,0.0001,2.7749,0,2.7749,0,0,0
1.024,0,0.0001,2.7747,0,2.7747,0,0,0
1.025,0,0,2.7745,0,2.7745,0,0,0
1.026,0,0,2.7743,0,2.7743,0,0,0
1.027,0,0,2.7741,0,2.7741,0,0,0
1.028,0,0,2.7739,0,2.7739,0,0,0
1.029,0,0,2.7736,0,2.7736,0,0,0
1.03,0,0,2.7735,0,2.7735,0,0,0
1.031,0,0,2.7734,0,2.7734,0,0,0
1.032,0,0,2.7731,0,2.7731,0,0,0
1.033,0,0,2.7723,0,2.7723,0,0,0
1.034,0,0,2.7714,0,2.7714,0,0,0
1.035,0,0,2.7711,0,2.7711,0,0,0
1.036,0,0,2.7711,0,2.7711,0,0,0
1.037,0,0,2.771,0,2.771,0,0,0
1.038,0,0,2.7708,0,2.7708,0,0,0
1.039,0,0,2.7707,0,2.7707,0,0,0
1.04,0,0,2.7706,0,2.7706,0,0,0
1.041,0,0,2.7705,0,2.7705,0,0,0
1.042,0,0,2.7704,0,2.7704,0,0,0
1.043,0,0,2.7703,0,2.7703,0,0,0
1.044,0,0,2.7702,0,2.7702,0,0,0
1.045,0,0,2.7701,0,2.7701,0,0,0
1.046,0,0,2.7701,0,2.7701,0,0,0
1.047,0,0,2.77,0,2.77,0,0,0
1.048,0,0,2.77,0,2.77,0,0,0
1.049,0,0,2.7699,0,2.7699,0,0,0
1.05,0,0,2.7699,0,2.7699,0,0,0
1.051,0,0,2.7699,0,2.7699,0,0,0
1.052,0,0,2.7699,0,2.7699,0,0,0
1.053,0,0,2.7699,0,2.7699,0,0,0
1.054,0,0,2.7699,0,2.7699,0,0,0
1.055,0,0,2.77,0,2.77,0,0,0
1.056,0,0,2.77,0,2.77,0,0,0
1.057,0,0,2.7701,0,2.7701,0,0,0
1.058,0,0,2.7701,0,2.7701,0,0,0
1.059,0,0,2.7702,0,2.7702,0,0,0
1.06,0,0,2.7703,0,2.7703,0,0,0
1.061,0,0,2.7704,0,2.7704,0,0,0
1.062,0,0,2.7705,0,2.7705,0,0,0
1.063,0,0,2.7706,0,2.7706,0,0,0
1.064,0,0,2.7707,0,2.7707,0,0,0
1.065,0,0,2.7708,0,2.7708,0,0,0
1.066,0,0,2.771,0,2.771,0,0,0
1.067,0,0,2.7711,0,2.7711,0,0,0
1.068,0,0,2.7712,0,2.7712,0,0,0
1.069,0,0,2.7714,0,2.7714,0,0,0
1.07,0,0,2.7715,0,2.7715,0,0,0
1.071,0,0,2.7717,0,2.7717,0,0,0
1.072,0,0,2.7718,0,2.7718,0,0,0
1.073,0,0,2.772,0,2.772,0,0,0
1.074,0,0,2.7721,0,2.7721,0,0,0
1.075,0,0,2.7723,0,2.7723,0,0,0
1.076,0,0,2.7725,0,2.7725,0,0,0
1.077,0,0,2.7726,0.0001,2.7726,0,0,0
1.078,0,0,2.7728,0.0001,2.7728,0,0,0
1.079,0,0,2.773,0.0001,2.773,0,0,0
1.08,0,0,2.7732,0.0002,2.7732,0,0,0
1.081,0,0,2.7732,0.0002,2.7732,0,0,0
1.082,0,0,2.7735,0.0003,2.7735,0,0,0
1.083,0,0,2.7744,0.0004,2.7744,0,0,0
1.084,0,0,2.7753,0.0005,2.7753,0,0,0
1.085,0,0,2.7756,0.0007,2.7756,0,0,0
1.086,0,0,2.7756,0.0009,2.7756,0,0,0
1.087,0,0,2.7758,0.0012,2.7758,0,0,0
1.088,0,0,2.776,0.0016,2.776,0,0,0
1.089,0,0,2.7762,0.0021,2.7762,0,0,0
1.09,0,0,2.7763,0.0027,2.7763,0,0,0
1.091,0,0,2.7765,0.0035,2.7765,0,0,0
1.092,0,0,2.7766,0.0045,2.7766,0,0,0
1.093,0,0,2.7768,0.0057,2.7768,0,0,0
1.094,0,0,2.7769,0.0072,2.7769,0,0,0
1.095,0,0,2.7771,0.0091,2.7771,0,0,0
1.096,0,0,2.7772,0.0114,2.7772,0,0,0
1.097,0,0,2.7772,0.0142,2.7772,0,0,0
1.098,0,0,2.7775,0.0176,2.7775,0,0,0
1.099,0,0,2.7785,0.0218,2.7785,0,0,0
1.1,0,0,2.7792,0.0267,2.7792,0,0,0
1.101,0,0,2.7786,0.0326,2.7786,0,0,0
1.102,0,0,2.7778,0.0396,2.7778,0,0,0
1.103,0,0,2.7776,0.0479,2.7776,0,0,0
1.104,0,0,2.7778,0.0575,2.7778,0,0,0
1.105,0,0,2.7778,0.0689,2.7778,0,0,0
1.106,0,0,2.7778,0.082,2.7778,0,0,0
1.107,0,0,2.7778,0.0971,2.7778,0,0,0
1.108,0,0,2.7778,0.1144,2.7778,0,0,0
1.109,0,0,2.7776,0.1342,2.7776,0,0,0
1.11,0,0,2.7778,0.1566,2.7778,0,0,0
1.111,0,0,2.7785,0.1819,2.7785,0,0,0
1.112,0,0,2.7791,0.2102,2.7791,0,0,0
1.113,0,0,2.7792,0.2418,2.7792,0,0,0
1.114,0,0,2.7791,0.2768,2.7791,0,0,0
1.115,0,0,2.7791,0.3153,2.7791,0,0,0
1.116,0,0,2.779,0.3575,2.779,0,0,0
1.117,0,0,2.7789,0.4034,2.7789,0,0,0
1.118,0,0,2.779,0.4532,2.779,0,0,0
1.119,0,0,2.7796,0.507,2.7796,0,0,0
1.12,0,0,2.7803,0.5645,2.7803,0,0,0
1.121,0,0,2.7804,0.6257,2.7804,0,0,0
1.122,0,0,2.7803,0.6905,2.7803,0,0,0
1.123,0,0,2.7802,0.7586,2.7802,0,0,0
1.124,0,0,2.7802,0.8299,2.7802,0,0,0
1.125,0,0,2.78,0.9041,2.78,0,0,0
1.126,0,0,2.7801,0.981,2.7801,0,0,0
1.127,0,0,2.7808,1.0603,2.7808,0,0,0
1.128,0,0,2.7815,1.1415,2.7815,0,0,0
1.129,0,0,2.7816,1.2238,2.7816,0,0,0
1.13,0,0,2.7815,1.307,2.7815,0,0,0
1.131,0,0,2.7815,1.3907,2.7815,0,0,0
1.132,0,0,2.7814,1.4745,2.7815,0,0,0
1.133,0,0,2.7813,1.5576,2.7813,0,0,0
1.134,0,0,2.7814,1.64,2.7815,0,0,0
1.135,0,0,2.7821,1.7214,2.7822,0,0,0
1.136,0,0,2.7828,1.8009,2.7829,0,0,0
1.137,0,0,2.783,1.878,2.7831,0,0,0
1.138,0,0,2.7828,1.9522,2.7829,0,0,0
1.139,0,0,2.7827,2.0236,2.7829,0,0,0
1.14,0,0,2.7827,2.0919,2.783,0,0,0
1.141,0,0,2.7827,2.1567,2.7831,0,0,0
1.142,0,0,2.7826,2.218,2.7831,0,0,0
1.143,0,0,2.7825,2.2755,2.7831,0,0,0
1.144,0,0,2.7824,2.3293,2.7832,0,0,0
1.145,0,0,2.7823,2.3792,2.7833,0,0,0
1.146,0,0,2.782,2.4253,2.7833,0,0,0
1.147,0,0,2.7815,2.4675,2.7833,0,0,0
1.148,0,0,2.7813,2.5063,2.7835,0,0,0
1.149,0,0,2.7815,2.5421,2.7843,0,0,0
1.15,0,0,2.7815,2.5745,2.7852,0,0,0
1.151,0,0,2.7809,2.6031,2.7855,0,0,0
1.152,0,0,2.7797,2.6285,2.7855,0,0,0
1.153,0,0,2.7784,2.6511,2.7856,0,0,0
1.154,0,0,2.7768,2.6711,2.7858,0,0,0
1.155,0,0,2.7748,2.6886,2.786,0,0,0
1.156,0,0,2.7724,2.704,2.7862,0,0,0
1.157,0,0,2.7695,2.7174,2.7864,0,0,0
1.158,0,0,2.7659,2.7289,2.7866,0,0,0
1.159,0,0,2.7615,2.7387,2.7867,0,0,0
1.16,0,0,2.7566,2.7473,2.787,0,0,0
1.161,0,0,2.7513,2.7553,2.788,0,0,0
1.162,0,0,2.7449,2.7621,2.7889,0,0,0
1.163,0,0,2.7367,2.7675,2.7893,0,0,0
1.164,0,0,2.7269,2.7717,2.7894,0,0,0
1.165,0,0,2.7157,2.7753,2.7896,0,0,0
1.166,0,0,2.7028,2.7785,2.7899,0,0,0
1.167,0,0,2.6881,2.7811,2.7902,0,0,0
1.168,0,0,2.6712,2.7832,2.7904,0,0,0
1.169,0,0,2.652,2.7848,2.7906,0,0,0
1.17,0,0,2.6306,2.7865,2.791,0,0,0
1.171,0,0,2.6072,2.7885,2.792,0,0,0
1.172,0,0,2.581,2.7903,2.793,0,0,0
1.173,0,0,2.5513,2.7913,2.7934,0,0,0
1.174,0,0,2.5183,2.792,2.7936,0,0,0
1.175,0,0,2.4822,2.7926,2.7939,0,0,0
1.176,0,0,2.4427,2.7932,2.7942,0,0,0
1.177,0,0,2.3998,2.7936,2.7944,0,0,0
1.178,0,0,2.3536,2.7943,2.7948,0,0,0
1.179,0,0,2.3044,2.7954,2.7958,0,0,0
1.18,0,0,2.2517,2.7966,2.7969,0,0,0
1.181,0,0,2.1951,2.7971,2.7973,0,0,0
1.182,0,0,2.135,2.7974,2.7975,0,0,0
1.183,0,0,2.0718,2.7977,2.7978,0,0,0
1.184,0,0,2.0056,2.7981,2.7982,0,0,0
1.185,0,0,1.9366,2.7983,2.7984,0,0,0
1.186,0,0,1.8651,2.7988,2.7988,0,0,0
1.187,0,0,1.7917,2.7998,2.7999,0,0,0
1.188,0,0,1.7164,2.8009,2.8009,0,0,0
1.189,0,0,1.6392,2.8014,2.8015,0,0,0
1.19,0,0,1.5604,2.8016,2.8016,0,0,0
1.191,0,0,1.4809,2.8018,2.8018,0,0,0
1.192,0,0,1.4011,2.8023,2.8023,0,0,0
1.193,0,0,1.3216,2.8033,2.8034,0,0,0
1.194,0,0,1.2424,2.8044,2.8044,0,0,0
1.195,0,0,1.1637,2.8049,2.8049,0,0,0
1.196,0,0,1.0861,2.8051,2.8051,0,0,0
1.197,0,0,1.0101,2.8054,2.8054,0,0,0
1.198,0,0,0.936,2.8058,2.8058,0,0,0
1.199,0,0,0.8642,2.8061,2.8061,0,0,0
1.2,0,0,0.7949,2.8064,2.8064,0,0,0
1.201,0,0,0.7283,2.8068,2.8068,0,0,0
1.202,0,0,0.6648,2.8072,2.8072,0,0,0
1.203,0,0,0.6044,2.8077,2.8077,0,0,0
1.204,0,0,0.5473,2.808,2.808,0,0,0
1.205,0,0,0.4936,2.8083,2.8083,0,0,0
1.206,0,0,0.4434,2.8088,2.8088,0,0,0
1.207,0,0,0.3968,2.81,2.81,0,0,0
1.208,0,0,0.3536,2.8111,2.8111,0,0,0
1.209,0,0,0.3137,2.8117,2.8117,0,0,0
1.21,0,0,0.2771,2.8119,2.8119,0,0,0
1.211,0,0,0.2437,2.8122,2.8122,0,0,0
1.212,0,0,0.2135,2.8128,2.8128,0,0,0
1.213,0,0,0.1862,2.8139,2.8139,0,0,0
1.214,0,0,0.1617,2.8151,2.8151,0,0,0
1.215,0,0,0.1398,2.8156,2.8156,0,0,0
1.216,0,0,0.1203,2.8159,2.8159,0,0,0
1.217,0,0,0.1031,2.8163,2.8163,0,0,0
1.218,0,0,0.0879,2.8167,2.8167,0,0,0
1.219,0,0,0.0747,2.817,2.817,0,0,0
1.22,0,0,0.0631,2.8176,2.8176,0,0,0
1.221,0,0,0.0531,2.8187,2.8187,0,0,0
1.222,0,0,0.0445,2.8198,2.8198,0,0,0
1.223,0,0,0.0371,2.8204,2.8204,0,0,0
1.224,0,0,0.0308,2.8206,2.8206,0,0,0
1.225,0,0,0.0254,2.8208,2.8208,0,0,0
1.226,0,0,0.0209,2.8213,2.8213,0,0,0
1.227,0,0,0.0171,2.8224,2.8224,0,0,0
1.228,0,0,0.014,2.8235,2.8235,0,0,0
1.229,0,0,0.0113,2.824,2.824,0,0,0
1.23,0,0,0.0091,2.8242,2.8242,0,0,0
1.231,0,0,0.0073,2.8245,2.8245,0,0,0
1.232,0,0,0.0059,2.8249,2.8249,0,0,0
1.233,0,0,0.0047,2.825,2.825,0,0,0
1.234,0,0,0.0037,2.8255,2.8255,0,0,0
1.235,0,0,0.0029,2.8265,2.8265,0,0,0
1.236,0,0,0.0023,2.8275,2.8275,0,0,0
1.237,0,0,0.0018,2.8279,2.8279,0,0,0
1.238,0,0,0.0014,2.828,2.828,0,0,0
1.239,0,0,0.0011,2.8282,2.8282,0,0,0
1.24,0,0,0.0008,2.8285,2.8285,0,0,0
1.241,0,0,0.0006,2.8286,2.8286,0,0,0
1.242,0,0,0.0005,2.8289,2.8289,0,0,0
1.243,0,0,0.0004,2.8298,2.8298,0,0,0
1.244,0,0,0.0003,2.8307,2.8307,0,0,0
1.245,0,0,0.0002,2.831,2.831,0,0,0
1.246,0,0,0.0002,2.831,2.831,0,0,0
1.247,0,0,0.0001,2.831,2.831,0,0,0
1.248,0,0,0.0001,2.8312,2.8312,0,0,0
1.249,0,0,0.0001,2.8313,2.8313,0,0,0
1.25,0,0,0,2.8313,2.8313,0,0,0
1.251,0,0,0,2.8311,2.8311,0,0,0
1.252,0,0,0,2.8312,2.8312,0,0,0
1.253,0,0,0,2.8318,2.8318,0,0,0
1.254,0,0,0,2.8324,2.8324,0,0,0
1.255,0,0,0,2.8324,2.8324,0,0,0
1.256,0,0,0,2.8321,2.8321,0,0,0
1.257,0,0,0,2.8317,2.8317,0,0,0
1.258,0,0,0,2.8317,2.8317,0,0,0
1.259,0,0,0,2.8322,2.8322,0,0,0
1.26,0,0,0,2.8327,2.8327,0,0,0
1.261,0,0,0,2.8326,2.8326,0,0,0
1.262,0,0,0,2.8322,2.8322,0,0,0
1.263,0,0,0,2.8317,2.8317,0,0,0
1.264,0,0,0,2.8316,2.8316,0,0,0
1.265,0,0,0,2.8321,2.8321,0,0,0
1.266,0,0,0,2.8325,2.8325,0,0,0
1.267,0,0,0,2.8323,2.8323,0,0,0
1.268,0,0,0,2.8318,2.8318,0,0,0
1.269,0,0,0,2.8313,2.8313,0,0,0
1.27,0,0,0,2.8312,2.8312,0,0,0
1.271,0,0,0,2.8316,2.8316,0,0,0
1.272,0,0,0,2.8319,2.8319,0,0,0
1.273,0,0,0,2.8317,2.8317,0,0,0
1.274,0,0,0,2.8312,2.8312,0,0,0
1.275,0,0,0,2.8309,2.8309,0,0,0
1.276,0,0,0,2.8305,2.8305,0,0,0
1.277,0,0,0,2.83,2.83,0,0,0
1.278,0,0,0,2.8298,2.8298,0,0,0
1.279,0,0,0,2.8301,2.8301,0,0,0
1.28,0,0,0,2.8305,2.8305,0,0,0
1.281,0,0,0,2.8302,2.8302,0,0,0
1.282,0,0,0,2.8297,2.8297,0,0,0
1.283,0,0,0,2.8294,2.8294,0,0,0
1.284,0,0,0,2.829,2.829,0,0,0
1.285,0,0,0,2.8286,2.8286,0,0,0
1.286,0,0,0,2.8284,2.8284,0,0,0
1.287,0,0,0,2.8287,2.8287,0,0,0
1.288,0,0,0,2.8291,2.8291,0,0,0
1.289,0,0,0,2.829,2.829,0,0,0
1.29,0,0,0,2.8285,2.8285,0,0,0
1.291,0,0,0,2.8282,2.8282,0,0,0
1.292,0,0,0,2.8279,2.8279,0,0,0
1.293,0,0,0,2.8275,2.8275,0,0,0
1.294,0,0,0,2.8274,2.8274,0,0,0
1.295,0,0,0,2.8279,2.8279,0,0,0
1.296,0,0,0,2.8283,2.8283,0,0,0
1.297,0,0,0,2.8283,2.8283,0,0,0
1.298,0,0,0,2.8279,2.8279,0,0,0
1.299,0,0,0,2.8277,2.8277,0,0,0
1.3,0,0,0,2.8276,2.8276,0,0,0
1.301,0,0,0,2.8273,2.8273,0,0,0
1.302,0,0,0,2.8274,2.8274,0,0,0
1.303,0,0,0,2.8281,2.8281,0,0,0
1.304,0,0,0,2.8287,2.8287,0,0,0
1.305,0,0,0,2.8288,2.8288,0,0,0
1.306,0,0,0,2.8287,2.8287,0,0,0
1.307,0,0,0,2.8287,2.8287,0,0,0
1.308,0,0,0,2.8287,2.8287,0,0,0
1.309,0,0,0,2.8285,2.8285,0,0,0
1.31,0,0,0,2.8287,2.8287,0,0,0
1.311,0,0,0,2.8294,2.8294,0,0,0
1.312,0,0,0,2.8302,2.8302,0,0,0
1.313,0,0,0,2.8304,2.8304,0,0,0
1.314,0,0,0,2.8303,2.8303,0.0001,0,0
1.315,0,0,0,2.8304,2.8304,0.0001,0,0
1.316,0,0,0,2.8304,2.8304,0.0001,0,0
1.317,0,0,0,2.8304,2.8304,0.0001,0,0
1.318,0,0,0,2.8306,2.8306,0.0002,0,0
1.319,0,0,0,2.8314,2.8314,0.0002,0,0
1.32,0,0,0,2.8323,2.8323,0.0003,0,0
1.321,0,0,0,2.8325,2.8325,0.0004,0,0
1.322,0,0,0,2.8325,2.8325,0.0005,0,0
1.323,0,0,0,2.8327,2.8327,0.0006,0,0
1.324,0,0,0,2.8328,2.8328,0.0007,0,0
1.325,0,0,0,2.8328,2.8328,0.0009,0,0
1.326,0,0,0,2.8331,2.8331,0.0012,0,0
1.327,0,0,0,2.834,2.834,0.0015,0,0
1.328,0,0,0,2.8349,2.8349,0.0018,0,0
1.329,0,0,0,2.8353,2.8353,0.0023,0,0
1.33,0,0,0,2.8353,2.8353,0.0028,0,0
1.331,0,0,0,2.8353,2.8353,0.0034,0,0
1.332,0,0,0,2.8357,2.8357,0.0042,0,0
1.333,0,0,0,2.8367,2.8367,0.0051,0,0
1.334,0,0,0,2.8376,2.8376,0.0063,0,0
1.335,0,0,0,2.8379,2.8379,0.0076,0,0
1.336,0,0,0,2.838,2.838,0.0092,0,0
1.337,0,0,0,2.8383,2.8383,0.011,0,0
1.338,0,0,0,2.8385,2.8385,0.0132,0,0
1.339,0,0,0,2.8387,2.8387,0.0158,0,0
1.34,0,0,0,2.839,2.839,0.0189,0,0
1.341,0,0,0,2.84,2.84,0.0224,0,0
1.342,0,0,0,2.841,2.841,0.0265,0,0
1.343,0,0,0,2.8415,2.8415,0.0313,0,0
1.344,0,0,0,2.8416,2.8416,0.0367,0,0
1.345,0,0,0,2.8417,2.8417,0.043,0,0
1.346,0,0,0,2.8422,2.8422,0.0502,0,0
1.347,0,0,0,2.8432,2.8432,0.0584,0,0
1.348,0,0,0,2.8442,2.8442,0.0677,0,0
1.349,0,0,0,2.8447,2.8447,0.0782,0,0
1.35,0,0,0,2.8448,2.8448,0.0901,0,0
1.351,0,0,0,2.8451,2.8451,0.1034,0,0
1.352,0,0,0,2.8455,2.8455,0.1182,0,0
1.353,0,0,0,2.8459,2.8459,0.1347,0,0
1.354,0,0,0,2.8463,2.8463,0.1531,0,0
1.355,0,0,0,2.8467,2.8467,0.1733,0,0
1.356,0,0,0,2.8471,2.8471,0.1956,0,0
1.357,0,0,0,2.8474,2.8474,0.22,0,0
1.358,0,0,0,2.848,2.848,0.2467,0,0
1.359,0,0,0,2.8491,2.8491,0.2759,0,0
1.36,0,0,0,2.8503,2.8503,0.3075,0,0
1.361,0,0,0,2.8509,2.8509,0.3415,0,0
1.362,0,0,0,2.8512,2.8512,0.3781,0,0
1.363,0,0,0,2.8516,2.8516,0.4173,0,0
1.364,0,0,0,2.8521,2.8521,0.4592,0,0
1.365,0,0,0,2.8526,2.8526,0.5037,0,0
1.366,0,0,0,2.853,2.853,0.5509,0,0
1.367,0,0,0,2.8533,2.8533,0.6006,0,0
1.368,0,0,0,2.8539,2.8539,0.653,0,0
1.369,0,0,0,2.8552,2.8552,0.708,0,0
1.37,0,0,0,2.8563,2.8563,0.7654,0,0
1.371,0,0,0,2.8568,2.8568,0.8249,0,0
1.372,0,0,0,2.8572,2.8572,0.8864,0,0
1.373,0,0,0,2.8584,2.8584,0.9501,0,0
1.374,0,0,0,2.8596,2.8596,1.0157,0,0
1.375,0,0,0,2.8602,2.8602,1.0825,0,0
1.376,0,0,0,2.8605,2.8605,1.1506,0,0
1.377,0,0,0,2.861,2.861,1.2198,0,0
1.378,0,0,0,2.8614,2.8614,1.2898,0,0
1.379,0,0,0,2.8617,2.8617,1.3602,0,0
1.38,0,0,0,2.8623,2.8623,1.4311,0,0
1.381,0,0,0,2.8635,2.8635,1.5024,0,0
1.382,0,0,0,2.8646,2.8646,1.5734,0,0
1.383,0,0,0,2.865,2.865,1.6435,0,0
1.384,0,0,0,2.8653,2.8654,1.7129,0,0
1.385,0,0,0,2.8664,2.8665,1.7816,0,0
1.386,0,0,0,2.8675,2.8676,1.8491,0,0
1.387,0,0,0,2.868,2.8682,1.9148,0,0
1.388,0,0,0,2.8682,2.8684,1.9785,0,0
1.389,0,0,0,2.8685,2.8687,2.0404,0,0
1.39,0,0,0,2.8688,2.869,2.1002,0,0
1.391,0,0,0,2.869,2.8694,2.1578,0,0
1.392,0,0,0,2.8693,2.8696,2.213,0,0
1.393,0,0,0,2.8694,2.8699,2.2658,0,0
1.394,0,0,0,2.8696,2.8702,2.316,0,0
1.395,0,0,0,2.8697,2.8705,2.3636,0,0
1.396,0,0,0,2.8698,2.8707,2.4085,0,0
1.397,0,0,0,2.8698,2.8709,2.4508,0,0
1.398,0,0,0,2.8697,2.8711,2.4904,0,0
1.399,0,0,0,2.8696,2.8713,2.5274,0,0
1.4,0,0,0,2.8693,2.8715,2.5617,0,0
1.401,0,0,0,2.8688,2.8715,2.5935,0,0
1.402,0,0,0,2.8683,2.8716,2.6228,0,0
1.403,0,0,0,2.8678,2.8717,2.6498,0,0
1.404,0,0,0,2.8668,2.8716,2.6743,0,0
1.405,0,0,0,2.8651,2.8708,2.696,0,0
1.406,0,0,0,2.8631,2.87,2.7157,0,0
1.407,0,0,0,2.8616,2.8698,2.734,0,0
1.408,0,0,0,2.86,2.8699,2.7507,0,0
1.409,0,0,0,2.8581,2.8699,2.7656,0,0
1.41,0,0,0,2.8558,2.8697,2.7789,0,0
1.411,0,0,0,2.853,2.8696,2.7907,0,0
1.412,0,0,0,2.85,2.8695,2.8012,0,0
1.413,0,0,0,2.8464,2.8694,2.8104,0,0
1.414,0,0,0,2.8423,2.8692,2.8185,0,0
1.415,0,0,0,2.8374,2.8689,2.8255,0,0
1.416,0,0,0,2.8322,2.8689,2.8318,0,0
1.417,0,0,0,2.8268,2.8695,2.8379,0,0
1.418,0,0,0,2.8205,2.87,2.8432,0,0
1.419,0,0,0,2.8127,2.8698,2.8472,0,0
1.42,0,0,0,2.8039,2.8696,2.8505,0,0
1.421,0,0,0,2.7945,2.8699,2.8539,0,0
1.422,0,0,0,2.7843,2.8706,2.8572,0,0
1.423,0,0,0,2.7727,2.8711,2.86,0,0
1.424,0,0,0,2.7596,2.8716,2.8623,0,0
1.425,0,0,0,2.745,2.872,2.8644,0,0
1.426,0,0,0,2.729,2.8726,2.8662,0,0
1.427,0,0,0,2.7113,2.8732,2.868,0,0
1.428,0,0,0,2.6916,2.8735,2.8693,0,0
1.429,0,0,0,2.6694,2.8733,2.8698,0,0
1.43,0,0,0,2.6453,2.873,2.8702,0,0
1.431,0,0,0,2.6196,2.8733,2.871,0,0
1.432,0,0,0,2.592,2.874,2.8721,0,0
1.433,0,0,0,2.5623,2.8746,2.8731,0,0
1.434,0,0,0,2.5299,2.8749,2.8737,0,0
1.435,0,0,0,2.4949,2.8748,2.8739,0,0
1.436,0,0,0,2.4572,2.8744,2.8737,0,0
1.437,0,0,0,2.4171,2.874,2.8734,0,0
1.438,0,0,0,2.3749,2.8739,2.8734,0,0
1.439,0,0,0,2.3308,2.8744,2.874,0,0
1.44,0,0,0,2.2844,2.8749,2.8746,0,0
1.441,0,0,0,2.2351,2.8748,2.8746,0,0
1.442,0,0,0,2.1834,2.8744,2.8742,0,0
1.443,0,0,0,2.1296,2.8742,2.874,0,0
1.444,0,0,0,2.0737,2.874,2.8739,0,0
1.445,0,0,0,2.0158,2.8736,2.8735,0,0
1.446,0,0,0,1.9563,2.8735,2.8735,0,0
1.447,0,0,0,1.8956,2.8741,2.874,0,0
1.448,0,0,0,1.8333,2.8746,2.8746,0,0
1.449,0,0,0,1.7694,2.8746,2.8746,0,0
1.45,0,0,0,1.7041,2.8743,2.8742,0,0
1.451,0,0,0,1.638,2.874,2.874,0,0
1.452,0,0,0,1.5714,2.8741,2.8741,0,0
1.453,0,0,0,1.5047,2.8747,2.8747,0,0
1.454,0,0,0,1.4377,2.8754,2.8754,0,0
1.455,0,0,0,1.3704,2.8755,2.8755,0,0
1.456,0,0,0,1.3031,2.8752,2.8752,0,0
1.457,0,0,0,1.2364,2.875,2.875,0,0
1.458,0,0,0,1.1705,2.8751,2.8751,0,0
1.459,0,0,0,1.1057,2.8758,2.8757,0,0
1.46,0,0,0,1.0419,2.8764,2.8764,0,0
1.461,0,0,0,0.9793,2.8766,2.8766,0,0
1.462,0,0,0,0.9181,2.8763,2.8763,0,0
1.463,0,0,0,0.8585,2.8761,2.8761,0,0
1.464,0,0,0,0.8009,2.8762,2.8762,0,0
1.465,0,0,0,0.7453,2.877,2.877,0,0
1.466,0,0,0,0.6918,2.8777,2.8777,0,0
1.467,0,0,0,0.6404,2.8778,2.8778,0,0
1.468,0,0,0,0.5911,2.8776,2.8776,0,0
1.469,0,0,0,0.5442,2.8776,2.8776,0,0
1.47,0,0,0,0.4996,2.8776,2.8776,0,0
1.471,0,0,0,0.4574,2.8774,2.8774,0,0
1.472,0,0,0,0.4177,2.8776,2.8776,0,0
1.473,0,0,0,0.3804,2.8783,2.8783,0,0
1.474,0,0,0,0.3455,2.8791,2.8791,0,0
1.475,0,0,0,0.3129,2.8792,2.8792,0,0
1.476,0,0,0,0.2824,2.8791,2.8791,0,0
1.477,0,0,0,0.2543,2.8791,2.8791,0,0
1.478,0,0,0,0.2283,2.8791,2.8791,0,0
1.479,0,0,0,0.2043,2.879,2.879,0,0
1.48,0,0,0,0.1823,2.8792,2.8792,0,0
1.481,0,0,0,0.1623,2.88,2.88,0,0
1.482,0,0,0,0.144,2.8807,2.8807,0,0
1.483,0,0,0,0.1274,2.8809,2.8809,0,0
1.484,0,0,0,0.1123,2.8808,2.8808,0,0
1.485,0,0,0,0.0988,2.8808,2.8808,0,0
1.486,0,0,0,0.0866,2.8809,2.8809,0,0
1.487,0,0,0,0.0757,2.8811,2.8811,0,0
1.488,0,0,0,0.0659,2.8811,2.8811,0,0
1.489,0,0,0,0.0573,2.881,2.881,0,0
1.49,0,0,0,0.0496,2.8812,2.8812,0,0
1.491,0,0,0,0.0428,2.882,2.882,0,0
1.492,0,0,0,0.0369,2.8829,2.8829,0,0
1.493,0,0,0,0.0316,2.8831,2.8831,0,0
1.494,0,0,0,0.0271,2.883,2.883,0,0
1.495,0,0,0,0.0231,2.8831,2.8831,0,0
1.496,0,0,0,0.0196,2.8832,2.8832,0,0
1.497,0,0,0,0.0166,2.8834,2.8834,0,0
1.498,0,0,0,0.014,2.8835,2.8835,0,0
1.499,0,0,0,0.0118,2.8836,2.8836,0,0
1.5,0,0,0,0.0099,2.8837,2.8837,0,0
1.501,0,0,0,0.0083,2.8838,2.8838,0,0
1.502,0,0,0,0.0069,2.8839,2.8839,0,0
1.503,0,0,0,0.0058,2.884,2.884,0,0
1.504,0,0,0,0.0048,2.8841,2.8841,0,0
1.505,0,0,0,0.0039,2.8841,2.8841,0,0
1.506,0,0,0,0.0032,2.8843,2.8843,0,0
1.507,0,0,0,0.0027,2.8852,2.8852,0,0
1.508,0,0,0,0.0022,2.8861,2.8861,0,0
1.509,0,0,0,0.0018,2.8863,2.8863,0,0
1.51,0,0,0,0.0014,2.8863,2.8863,0,0
1.511,0,0,0,0.0012,2.8865,2.8865,0,0
1.512,0,0,0,0.0009,2.8866,2.8866,0,0
1.513,0,0,0,0.0008,2.8866,2.8866,0,0
1.514,0,0,0,0.0006,2.8869,2.8869,0,0
1.515,0,0,0,0.0005,2.8878,2.8878,0,0
1.516,0,0,0,0.0004,2.8887,2.8887,0,0
1.517,0,0,0,0.0003,2.889,2.889,0,0
1.518,0,0,0,0.0002,2.8891,2.8891,0,0
1.519,0,0,0,0.0002,2.8892,2.8892,0,0
1.52,0,0,0,0.0002,2.8894,2.8894,0,0
1.521,0,0,0,0.0001,2.8895,2.8895,0,0
1.522,0,0,0,0.0001,2.8898,2.8898,0,0
1.523,0,0,0,0.0001,2.8907,2.8907,0,0
1.524,0,0,0,0.0001,2.8916,2.8916,0,0
1.525,0,0,0,0,2.892,2.892,0,0
1.526,0,0,0,0,2.892,2.892,0,0
1.527,0,0,0,0,2.8922,2.8922,0,0
1.528,0,0,0,0,2.8924,2.8924,0,0
1.529,0,0,0,0,2.8925,2.8925,0,0
1.53,0,0,0,0,2.8928,2.8928,0,0
1.531,0,0,0,0,2.8938,2.8938,0,0
1.532,0,0,0,0,2.8947,2.8947,0,0
1.533,0,0,0,0,2.8951,2.8951,0,0
1.534,0,0,0,0,2.8952,2.8952,0,0
1.535,0,0,0,0,2.8954,2.8954,0,0
1.536,0,0,0,0,2.8956,2.8956,0,0
1.537,0,0,0,0,2.8957,2.8957,0,0
1.538,0,0,0,0,2.8961,2.8961,0,0
1.539,0,0,0,0,2.897,2.897,0,0
1.54,0,0,0,0,2.898,2.898,0,0
1.541,0,0,0,0,2.8984,2.8984,0,0
1.542,0,0,0,0,2.8985,2.8985,0,0
1.543,0,0,0,0,2.8985,2.8985,0,0
1.544,0,0,0,0,2.8989,2.8989,0,0
1.545,0,0,0,0,2.8999,2.8999,0,0
1.546,0,0,0,0,2.9009,2.9009,0,0
1.547,0,0,0,0,2.9013,2.9013,0,0
1.548,0,0,0,0,2.9014,2.9014,0,0
1.549,0,0,0,0,2.9016,2.9016,0,0
1.55,0,0,0,0,2.9019,2.9019,0,0
1.551,0,0,0,0,2.9021,2.9021,0,0
1.552,0,0,0,0,2.9022,2.9022,0,0
1.553,0,0,0,0,2.9022,2.9022,0,0
1.554,0,0,0,0,2.9025,2.9025,0,0
1.555,0,0,0,0,2.9034,2.9034,0,0
1.556,0,0,0,0,2.9043,2.9043,0,0
1.557,0,0,0,0,2.9046,2.9046,0,0
1.558,0,0,0,0,2.9046,2.9046,0,0
1.559,0,0,0,0,2.9047,2.9047,0,0
1.56,0,0,0,0,2.9049,2.9049,0,0
1.561,0,0,0,0,2.9051,2.9051,0,0
1.562,0,0,0,0,2.9052,2.9052,0,0
1.563,0,0,0,0,2.9054,2.9054,0,0
1.564,0,0,0,0,2.9056,2.9056,0,0
1.565,0,0,0,0,2.9058,2.9058,0,0
1.566,0,0,0,0,2.9059,2.9059,0,0
1.567,0,0,0,0,2.9059,2.9059,0,0
1.568,0,0,0,0,2.9063,2.9063,0,0
1.569,0,0,0,0,2.9072,2.9072,0,0
1.57,0,0,0,0,2.9081,2.9081,0,0
1.571,0,0,0,0,2.9085,2.9085,0,0
1.572,0,0,0,0,2.9085,2.9085,0,0
1.573,0,0,0,0,2.9087,2.9087,0,0
1.574,0,0,0,0,2.909,2.909,0,0
1.575,0,0,0,0,2.9092,2.9092,0,0
1.576,0,0,0,0,2.9094,2.9094,0,0
1.577,0,0,0,0,2.9096,2.9096,0,0
1.578,0,0,0,0,2.9099,2.9099,0,0
1.579,0,0,0,0,2.9101,2.9101,0,0
1.58,0,0,0,0,2.9104,2.9104,0,0
1.581,0,0,0,0,2.9107,2.9107,0,0
1.582,0,0,0,0,2.9109,2.9109,0,0
1.583,0,0,0,0,2.9111,2.9111,0,0
1.584,0,0,0,0,2.9115,2.9115,0,0
1.585,0,0,0,0,2.9125,2.9125,0,0
1.586,0,0,0,0,2.9136,2.9136,0,0
1.587,0,0,0,0,2.9141,2.9141,0,0
1.588,0,0,0,0,2.9143,2.9143,0,0
1.589,0,0,0,0,2.9144,2.9144,0,0
1.59,0,0,0,0,2.915,2.915,0,0
1.591,0,0,0,0,2.9161,2.9161,0,0
1.592,0,0,0,0,2.9172,2.9172,0,0
1.593,0,0,0,0,2.9178,2.9178,0,0
1.594,0,0,0,0,2.918,2.918,0,0
1.595,0,0,0,0,2.9182,2.9182,0,0
1.596,0,0,0,0,2.9189,2.9189,0,0
1.597,0,0,0,0,2.9201,2.9201,0,0
1.598,0,0,0,0,2.9213,2.9213,0,0
1.599,0,0,0,0,2.9219,2.9219,0,0
1.6,0,0,0,0,2.9222,2.9222,0,0
1.601,0,0,0,0,2.9228,2.9228,0,0
1.602,0,0,0,0,2.9234,2.9234,0.0001,0
1.603,0,0,0,0,2.9239,2.9239,0.0001,0
1.604,0,0,0,0,2.9247,2.9247,0.0001,0
1.605,0,0,0,0,2.9261,2.9261,0.0001,0
1.606,0,0,0,0,2.9276,2.9276,0.0001,0
1.607,0,0,0,0,2.9284,2.9284,0.0002,0
1.608,0,0,0,0,2.929,2.929,0.0002,0
1.609,0,0,0,0,2.9296,2.9296,0.0002,0
1.61,0,0,0,0,2.9304,2.9304,0.0003,0
1.611,0,0,0,0,2.9312,2.9312,0.0004,0
1.612,0,0,0,0,2.9319,2.9319,0.0004,0
1.613,0,0,0,0,2.9327,2.9327,0.0005,0
1.614,0,0,0,0,2.9335,2.9335,0.0006,0
1.615,0,0,0,0,2.9342,2.9342,0.0008,0
1.616,0,0,0,0,2.9351,2.9351,0.0009,0
1.617,0,0,0,0,2.9359,2.9359,0.0011,0
1.618,0,0,0,0,2.9367,2.9367,0.0013,0
1.619,0,0,0,0,2.9373,2.9373,0.0016,0
1.62,0,0,0,0,2.9383,2.9383,0.0019,0
1.621,0,0,0,0,2.9399,2.9399,0.0023,0
1.622,0,0,0,0,2.9414,2.9414,0.0027,0
1.623,0,0,0,0,2.9424,2.9424,0.0032,0
1.624,0,0,0,0,2.9431,2.9431,0.0038,0
1.625,0,0,0,0,2.9439,2.9439,0.0045,0
1.626,0,0,0,0,2.9448,2.9448,0.0053,0
1.627,0,0,0,0,2.9455,2.9455,0.0062,0
1.628,0,0,0,0,2.9464,2.9464,0.0072,0
1.629,0,0,0,0,2.948,2.948,0.0085,0
1.63,0,0,0,0,2.9496,2.9496,0.0099,0
1.631,0,0,0,0,2.9506,2.9506,0.0115,0
1.632,0,0,0,0,2.9513,2.9513,0.0133,0
1.633,0,0,0,0,2.952,2.952,0.0154,0
1.634,0,0,0,0,2.9529,2.9529,0.0178,0
1.635,0,0,0,0,2.9537,2.9537,0.0205,0
1.636,0,0,0,0,2.9545,2.9545,0.0236,0
1.637,0,0,0,0,2.9553,2.9553,0.0271,0
1.638,0,0,0,0,2.9561,2.9561,0.031,0
1.639,0,0,0,0,2.9568,2.9568,0.0354,0
1.64,0,0,0,0,2.9576,2.9576,0.0403,0
1.641,0,0,0,0,2.9584,2.9584,0.0458,0
1.642,0,0,0,0,2.9591,2.9591,0.0519,0
1.643,0,0,0,0,2.9598,2.9598,0.0587,0
1.644,0,0,0,0,2.9605,2.9605,0.0662,0
1.645,0,0,0,0,2.9612,2.9612,0.0746,0
1.646,0,0,0,0,2.9619,2.9619,0.0838,0
1.647,0,0,0,0,2.9626,2.9626,0.0939,0
1.648,0,0,0,0,2.9632,2.9632,0.105,0
1.649,0,0,0,0,2.9639,2.9639,0.1171,0
1.65,0,0,0,0,2.9645,2.9645,0.1304,0
1.651,0,0,0,0,2.9649,2.9649,0.1449,0
1.652,0,0,0,0,2.9655,2.9655,0.1606,0
1.653,0,0,0,0,2.9667,2.9667,0.1776,0
1.654,0,0,0,0,2.968,2.968,0.196,0
1.655,0,0,0,0,2.9686,2.9686,0.2158,0
1.656,0,0,0,0,2.9689,2.9689,0.2371,0
1.657,0,0,0,0,2.9693,2.9693,0.2599,0
1.658,0,0,0,0,2.9697,2.9697,0.2843,0
1.659,0,0,0,0,2.97,2.97,0.3104,0
1.66,0,0,0,0,2.9705,2.9705,0.3381,0
1.661,0,0,0,0,2.9717,2.9717,0.3675,0
1.662,0,0,0,0,2.9728,2.9728,0.3988,0
1.663,0,0,0,0,2.9733,2.9733,0.4316,0
1.664,0,0,0,0,2.9735,2.9735,0.4662,0
1.665,0,0,0,0,2.9739,2.9739,0.5026,0
1.666,0,0,0,0,2.9742,2.9742,0.5406,0
1.667,0,0,0,0,2.9744,2.9744,0.5804,0
1.668,0,0,0,0,2.9749,2.9749,0.6219,0
1.669,0,0,0,0,2.9759,2.9759,0.6651,0
1.67,0,0,0,0,2.977,2.977,0.71,0
1.671,0,0,0,0,2.9774,2.9774,0.7562,0
1.672,0,0,0,0,2.9776,2.9776,0.8039,0
1.673,0,0,0,0,2.9778,2.9778,0.8529,0
1.674,0,0,0,0,2.9781,2.9781,0.9033,0
1.675,0,0,0,0,2.9784,2.9784,0.9548,0
1.676,0,0,0,0,2.9787,2.9787,1.0074,0
1.677,0,0,0,0,2.979,2.979,1.061,0
1.678,0,0,0,0,2.9792,2.9792,1.1154,0
1.679,0,0,0,0,2.9793,2.9793,1.1705,0
1.68,0,0,0,0,2.9797,2.9797,1.2262,0
1.681,0,0,0,0,2.9807,2.9807,1.2827,0
1.682,0,0,0,0,2.9817,2.9816,1.3395,0
1.683,0,0,0,0,2.982,2.982,1.3962,0
1.684,0,0,0,0,2.9821,2.9821,1.4527,0
1.685,0,0,0,0,2.9823,2.9823,1.5092,0
1.686,0,0,0,0,2.9826,2.9825,1.5654,0
1.687,0,0,0,0,2.9828,2.9828,1.6212,0
1.688,0,0,0,0,2.983,2.983,1.6764,0
1.689,0,0,0,0,2.9832,2.9832,1.7309,0
1.69,0,0,0,0,2.9835,2.9834,1.7846,0
1.691,0,0,0,0,2.9837,2.9836,1.8374,0
1.692,0,0,0,0,2.9839,2.9838,1.889,0
1.693,0,0,0,0,2.9842,2.984,1.9396,0
1.694,0,0,0,0,2.9843,2.9842,1.9888,0
1.695,0,0,0,0,2.9844,2.9842,2.0365,0
1.696,0,0,0,0,2.9848,2.9845,2.0831,0
1.697,0,0,0,0,2.9858,2.9855,2.1285,0
1.698,0,0,0,0,2.9868,2.9864,2.1724,0
1.699,0,0,0,0,2.9871,2.9867,2.2142,0
1.7,0,0,0,0,2.9872,2.9867,2.2542,0
1.701,0,0,0,0,2.9876,2.987,2.2927,0
1.702,0,0,0,0,2.988,2.9872,2.3294,0
1.703,0,0,0,0,2.9883,2.9873,2.3644,0
1.704,0,0,0,0,2.9888,2.9877,2.3978,0
1.705,0,0,0,0,2.99,2.9887,2.43,0
1.706,0,0,0,0,2.9912,2.9896,2.4605,0
1.707,0,0,0,0,2.9917,2.9899,2.4888,0
1.708,0,0,0,0,2.992,2.9898,2.5152,0
1.709,0,0,0,0,2.9924,2.9898,2.5401,0
1.71,0,0,0,0,2.9928,2.9898,2.5634,0
1.711,0,0,0,0,2.9933,2.9897,2.5852,0
1.712,0,0,0,0,2.9937,2.9894,2.6055,0
1.713,0,0,0,0,2.9941,2.9891,2.6244,0
1.714,0,0,0,0,2.9945,2.9887,2.6419,0
1.715,0,0,0,0,2.995,2.9882,2.6581,0
1.716,0,0,0,0,2.9953,2.9875,2.673,0
1.717,0,0,0,0,2.9956,2.9865,2.6866,0
1.718,0,0,0,0,2.9961,2.9856,2.6994,0
1.719,0,0,0,0,2.9973,2.9851,2.7116,0
1.72,0,0,0,0,2.9984,2.9844,2.7229,0
1.721,0,0,0,0,2.999,2.9829,2.7327,0
1.722,0,0,0,0,2.9992,2.9807,2.7413,0
1.723,0,0,0,0,2.9995,2.9784,2.7492,0
1.724,0,0,0,0,2.9999,2.9758,2.7565,0
1.725,0,0,0,0,3.0002,2.9728,2.763,0
1.726,0,0,0,0,3.0006,2.9693,2.7688,0
1.727,0,0,0,0,3.0009,2.9654,2.7741,0
1.728,0,0,0,0,3.0012,2.9611,2.7788,0
1.729,0,0,0,0,3.0015,2.9561,2.7831,0
1.73,0,0,0,0,3.0018,2.9506,2.7869,0
1.731,0,0,0,0,3.0021,2.9445,2.7903,0
1.732,0,0,0,0,3.0024,2.9376,2.7933,0
1.733,0,0,0,0,3.0025,2.9299,2.7958,0
1.734,0,0,0,0,3.0029,2.9216,2.7983,0
1.735,0,0,0,0,3.0038,2.9131,2.8011,0
1.736,0,0,0,0,3.0048,2.9037,2.8036,0
1.737,0,0,0,0,3.0052,2.8927,2.8054,0
1.738,0,0,0,0,3.0052,2.8804,2.8066,0
1.739,0,0,0,0,3.0053,2.8671,2.8078,0
1.74,0,0,0,0,3.0055,2.8528,2.8089,0
1.741,0,0,0,0,3.0056,2.8372,2.8098,0
1.742,0,0,0,0,3.0057,2.8203,2.8106,0
1.743,0,0,0,0,3.0058,2.8021,2.8113,0
1.744,0,0,0,0,3.0058,2.7825,2.8119,0
1.745,0,0,0,0,3.0057,2.7614,2.8122,0
1.746,0,0,0,0,3.0059,2.739,2.8127,0
1.747,0,0,0,0,3.0067,2.7156,2.8138,0
1.748,0,0,0,0,3.0074,2.6907,2.8147,0
1.749,0,0,0,0,3.0075,2.6636,2.815,0
1.75,0,0,0,0,3.0073,2.6346,2.815,0
1.751,0,0,0,0,3.007,2.6039,2.8149,0
1.752,0,0,0,0,3.0067,2.5716,2.8148,0
1.753,0,0,0,0,3.0065,2.5376,2.8147,0
1.754,0,0,0,0,3.0061,2.5018,2.8144,0
1.755,0,0,0,0,3.0056,2.4642,2.814,0
1.756,0,0,0,0,3.0054,2.4252,2.8139,0
1.757,0,0,0,0,3.0057,2.385,2.8143,0
1.758,0,0,0,0,3.006,2.3431,2.8146,0
1.759,0,0,0,0,3.0058,2.2992,2.8144,0
1.76,0,0,0,0,3.0051,2.2535,2.8138,0
1.761,0,0,0,0,3.0046,2.2064,2.8133,0
1.762,0,0,0,0,3.0041,2.1579,2.8129,0
1.763,0,0,0,0,3.0036,2.108,2.8125,0
1.764,0,0,0,0,3.0031,2.0569,2.812,0
1.765,0,0,0,0,3.0025,2.0045,2.8115,0
1.766,0,0,0,0,3.0019,1.9511,2.8109,0
1.767,0,0,0,0,3.0014,1.8967,2.8104,0
1.768,0,0,0,0,3.0008,1.8415,2.8099,0
1.769,0,0,0,0,3.0002,1.7855,2.8093,0
1.77,0,0,0,0,2.9996,1.7288,2.8087,0
1.771,0,0,0,0,2.999,1.6717,2.8082,0
1.772,0,0,0,0,2.9984,1.6142,2.8076,0
1.773,0,0,0,0,2.9977,1.5564,2.807,0
1.774,0,0,0,0,2.9971,1.4986,2.8064,0
1.775,0,0,0,0,2.9965,1.4407,2.8059,0
1.776,0,0,0,0,2.9959,1.383,2.8053,0
1.777,0,0,0,0,2.9952,1.3256,2.8047,0
1.778,0,0,0,0,2.9946,1.2686,2.8041,0
1.779,0,0,0,0,2.994,1.2122,2.8036,0
1.78,0,0,0,0,2.9934,1.1564,2.803,0
1.781,0,0,0,0,2.9926,1.1014,2.8022,0
1.782,0,0,0,0,2.9922,1.0474,2.8018,0
1.783,0,0,0,0,2.9923,0.9946,2.802,0
1.784,0,0,0,0,2.9925,0.9429,2.8021,0
1.785,0,0,0,0,2.9921,0.8922,2.8017,0
1.786,0,0,0,0,2.9914,0.8427,2.8011,0
1.787,0,0,0,0,2.9908,0.7946,2.8005,0
1.788,0,0,0,0,2.9903,0.7479,2.8001,0
1.789,0,0,0,0,2.9898,0.7028,2.7996,0
1.79,0,0,0,0,2.9893,0.6592,2.7991,0
1.791,0,0,0,0,2.9888,0.6172,2.7986,0
1.792,0,0,0,0,2.9883,0.5769,2.7982,0
1.793,0,0,0,0,2.9879,0.5382,2.7978,0
1.794,0,0,0,0,2.9874,0.5012,2.7974,0
1.795,0,0,0,0,2.987,0.4659,2.797,0
1.796,0,0,0,0,2.9867,0.4323,2.7967,0
1.797,0,0,0,0,2.9865,0.4003,2.7965,0
1.798,0,0,0,0,2.986,0.37,2.796,0
1.799,0,0,0,0,2.9849,0.3413,2.795,0
1.8,0,0,0,0,2.9839,0.3142,2.7941,0
1.801,0,0,0,0,2.9838,0.2888,2.794,0
1.802,0,0,0,0,2.9837,0.2649,2.7939,0
1.803,0,0,0,0,2.983,0.2425,2.7932,0
1.804,0,0,0,0,2.9822,0.2216,2.7925,0
1.805,0,0,0,0,2.982,0.2021,2.7923,0
1.806,0,0,0,0,2.9822,0.1839,2.7925,0
1.807,0,0,0,0,2.9822,0.1671,2.7925,0
1.808,0,0,0,0,2.9823,0.1515,2.7926,0
1.809,0,0,0,0,2.9825,0.1371,2.7928,0
1.81,0,0,0,0,2.9825,0.1238,2.7928,0
1.811,0,0,0,0,2.9818,0.1116,2.7921,0
1.812,0,0,0,0,2.9812,0.1003,2.7916,0
1.813,0,0,0,0,2.9814,0.09,2.7917,0
1.814,0,0,0,0,2.9815,0.0807,2.7919,0
1.815,0,0,0,0,2.9811,0.0721,2.7914,0
1.816,0,0,0,0,2.9804,0.0643,2.7908,0
1.817,0,0,0,0,2.9803,0.0572,2.7907,0
1.818,0,0,0,0,2.9809,0.0509,2.7912,0
1.819,0,0,0,0,2.9819,0.0451,2.7922,0
1.82,0,0,0,0,2.9829,0.0399,2.7931,0
1.821,0,0,0,0,2.9833,0.0353,2.7935,0
1.822,0,0,0,0,2.9834,0.0311,2.7936,0
1.823,0,0,0,0,2.9836,0.0273,2.7938,0
1.824,0,0,0,0,2.984,0.024,2.7942,0
1.825,0,0,0,0,2.9843,0.021,2.7944,0
1.826,0,0,0,0,2.9846,0.0183,2.7947,0
1.827,0,0,0,0,2.9849,0.016,2.795,0
1.828,0,0,0,0,2.9852,0.0139,2.7953,0
1.829,0,0,0,0,2.9856,0.0121,2.7956,0
1.83,0,0,0,0,2.9859,0.0105,2.796,0
1.831,0,0,0,0,2.9863,0.009,2.7963,0
1.832,0,0,0,0,2.9866,0.0078,2.7966,0
1.833,0,0,0,0,2.987,0.0067,2.7969,0
1.834,0,0,0,0,2.9873,0.0058,2.7973,0
1.835,0,0,0,0,2.9877,0.0049,2.7976,0
1.836,0,0,0,0,2.988,0.0042,2.798,0
1.837,0,0,0,0,2.9884,0.0036,2.7983,0
1.838,0,0,0,0,2.9888,0.0031,2.7986,0
1.839,0,0,0,0,2.9891,0.0026,2.799,0
1.84,0,0,0,0,2.9895,0.0022,2.7993,0
1.841,0,0,0,0,2.9899,0.0019,2.7997,0
1.842,0,0,0,0,2.9902,0.0016,2.8,0
1.843,0,0,0,0,2.9906,0.0013,2.8003,0
1.844,0,0,0,0,2.9909,0.0011,2.8007,0
1.845,0,0,0,0,2.9913,0.0009,2.801,0
1.846,0,0,0,0,2.9916,0.0008,2.8013,0
1.847,0,0,0,0,2.992,0.0007,2.8017,0
1.848,0,0,0,0,2.9923,0.0005,2.802,0
1.849,0,0,0,0,2.9927,0.0005,2.8023,0
1.85,0,0,0,0,2.993,0.0004,2.8026,0
1.851,0,0,0,0,2.9933,0.0003,2.8029,0
1.852,0,0,0,0,2.9936,0.0003,2.8032,0
1.853,0,0,0,0,2.9939,0.0002,2.8034,0
1.854,0,0,0,0,2.9942,0.0002,2.8037,0
1.855,0,0,0,0,2.9945,0.0001,2.804,0
1.856,0,0,0,0,2.9948,0.0001,2.8043,0.0001
1.857,0,0,0,0,2.9951,0.0001,2.8046,0.0001
1.858,0,0,0,0,2.9954,0.0001,2.8049,0.0001
1.859,0,0,0,0,2.9958,0.0001,2.8052,0.0001
1.86,0,0,0,0,2.996,0.0001,2.8055,0.0001
1.861,0,0,0,0,2.9962,0,2.8056,0.0001
1.862,0,0,0,0,2.9967,0,2.806,0.0002
1.863,0,0,0,0,2.9977,0,2.807,0.0002
1.864,0,0,0,0,2.9988,0,2.808,0.0002
1.865,0,0,0,0,2.9992,0,2.8084,0.0003
1.866,0,0,0,0,2.9994,0,2.8086,0.0003
1.867,0,0,0,0,2.9997,0,2.8089,0.0004
1.868,0,0,0,0,3,0,2.8091,0.0005
1.869,0,0,0,0,3.0001,0,2.8093,0.0005
1.87,0,0,0,0,3.0005,0,2.8097,0.0006
1.871,0,0,0,0,3.0016,0,2.8106,0.0008
1.872,0,0,0,0,3.0026,0,2.8116,0.0009
1.873,0,0,0,0,3.003,0,2.812,0.001
1.874,0,0,0,0,3.0031,0,2.8121,0.0012
1.875,0,0,0,0,3.0034,0,2.8123,0.0014
1.876,0,0,0,0,3.0036,0,2.8126,0.0017
1.877,0,0,0,0,3.0039,0,2.8128,0.0019
1.878,0,0,0,0,3.0041,0,2.813,0.0023
1.879,0,0,0,0,3.0043,0,2.8132,0.0026
1.88,0,0,0,0,3.0045,0,2.8134,0.003
1.881,0,0,0,0,3.0047,0,2.8136,0.0035
1.882,0,0,0,0,3.0049,0,2.8138,0.0041
1.883,0,0,0,0,3.0051,0,2.814,0.0047
1.884,0,0,0,0,3.0053,0,2.8141,0.0054
1.885,0,0,0,0,3.0054,0,2.8142,0.0062
1.886,0,0,0,0,3.0056,0,2.8144,0.0071
1.887,0,0,0,0,3.0059,0,2.8147,0.0081
1.888,0,0,0,0,3.0059,0,2.8147,0.0093
1.889,0,0,0,0,3.0052,0,2.8141,0.0106
1.89,0,0,0,0,3.0046,0,2.8134,0.0121
1.891,0,0,0,0,3.0045,0,2.8134,0.0137
1.892,0,0,0,0,3.0047,0,2.8136,0.0156
1.893,0,0,0,0,3.0049,0,2.8137,0.0176
1.894,0,0,0,0,3.0049,0,2.8137,0.0199
1.895,0,0,0,0,3.0049,0,2.8137,0.0225
1.896,0,0,0,0,3.0049,0,2.8138,0.0253
1.897,0,0,0,0,3.0049,0,2.8138,0.0285
1.898,0,0,0,0,3.0049,0,2.8137,0.032
1.899,0,0,0,0,3.0049,0,2.8137,0.0358
1.9,0,0,0,0,3.0048,0,2.8137,0.0401
1.901,0,0,0,0,3.0047,0,2.8136,0.0448
1.902,0,0,0,0,3.0046,0,2.8134,0.0499
1.903,0,0,0,0,3.0044,0,2.8133,0.0556
1.904,0,0,0,0,3.0043,0,2.8132,0.0618
1.905,0,0,0,0,3.0041,0,2.813,0.0685
1.906,0,0,0,0,3.0039,0,2.8128,0.0759
1.907,0,0,0,0,3.0035,0,2.8125,0.0838
1.908,0,0,0,0,3.0035,0,2.8124,0.0925
1.909,0,0,0,0,3.004,0,2.8129,0.102
1.91,0,0,0,0,3.0045,0,2.8133,0.1122
1.911,0,0,0,0,3.0043,0,2.8132,0.1232
1.912,0,0,0,0,3.0039,0,2.8128,0.135
1.913,0,0,0,0,3.0035,0,2.8124,0.1478
1.914,0,0,0,0,3.0032,0,2.8121,0.1614
1.915,0,0,0,0,3.0028,0,2.8118,0.1761
1.916,0,0,0,0,3.0024,0,2.8114,0.1918
1.917,0,0,0,0,3.0021,0,2.8111,0.2085
1.918,0,0,0,0,3.0016,0,2.8106,0.2263
1.919,0,0,0,0,3.001,0,2.8101,0.2452
1.92,0,0,0,0,3.0006,0,2.8098,0.2653
1.921,0,0,0,0,3.0009,0,2.81,0.2867
1.922,0,0,0,0,3.0011,0,2.8102,0.3093
1.923,0,0,0,0,3.0007,0,2.8098,0.333
1.924,0,0,0,0,2.9999,0,2.8091,0.358
1.925,0,0,0,0,2.9992,0,2.8084,0.3843
1.926,0,0,0,0,2.9985,0,2.8078,0.4118
1.927,0,0,0,0,2.9977,0,2.807,0.4407
1.928,0,0,0,0,2.9969,0,2.8063,0.4708
1.929,0,0,0,0,2.9961,0,2.8055,0.5023
1.93,0,0,0,0,2.9951,0,2.8045,0.535
1.931,0,0,0,0,2.9939,0,2.8034,0.5689
1.932,0,0,0,0,2.9929,0,2.8025,0.6042
1.933,0,0,0,0,2.9925,0,2.8021,0.6409
1.934,0,0,0,0,2.9919,0,2.8015,0.6787
1.935,0,0,0,0,2.9904,0,2.8002,0.7176
1.936,0,0,0,0,2.9888,0,2.7987,0.7576
1.937,0,0,0,0,2.9879,0,2.7978,0.7989
1.938,0,0,0,0,2.9868,0,2.7968,0.8412
1.939,0,0,0,0,2.9848,0,2.7949,0.8843
1.94,0,0,0,0,2.9825,0,2.7927,0.9283
1.941,0,0,0,0,2.9806,0,2.791,0.9734
1.942,0,0,0,0,2.9789,0,2.7894,1.0193
1.943,0,0,0,0,2.9767,0,2.7873,1.0659
1.944,0,0,0,0,2.9743,0,2.7851,1.1132
1.945,0,0,0,0,2.9717,0,2.7826,1.161
1.946,0,0,0,0,2.9685,0,2.7796,1.2093
1.947,0,0,0,0,2.9643,0,2.7757,1.2576
1.948,0,0,0,0,2.9598,0,2.7715,1.3062
1.949,0,0,0,0,2.9554,0,2.7674,1.3553
1.95,0,0,0,0,2.9509,0,2.7632,1.4046
1.951,0,0,0,0,2.9461,0,2.7587,1.454
1.952,0,0,0,0,2.9403,0,2.7532,1.5031
1.953,0,0,0,0,2.9334,0,2.7468,1.5517
1.954,0,0,0,0,2.9259,0,2.7398,1.6
1.955,0,0,0,0,2.9186,0,2.7329,1.6484
1.956,0,0,0,0,2.9106,0,2.7254,1.6963
1.957,0,0,0,0,2.9013,0,2.7167,1.7433
1.958,0,0,0,0,2.8909,0,2.707,1.7895
1.959,0,0,0,0,2.8799,0,2.6967,1.8351
1.96,0,0,0,0,2.8682,0,2.6857,1.8799
1.961,0,0,0,0,2.8555,0,2.6739,1.9238
1.962,0,0,0,0,2.842,0,2.6612,1.9668
1.963,0,0,0,0,2.8275,0,2.6476,2.0089
1.964,0,0,0,0,2.812,0,2.6331,2.0498
1.965,0,0,0,0,2.7953,0,2.6175,2.0895
1.966,0,0,0,0,2.7779,0,2.6012,2.1284
1.967,0,0,0,0,2.7599,0,2.5843,2.1664
1.968,0,0,0,0,2.7408,0,2.5665,2.2033
1.969,0,0,0,0,2.72,0,2.5469,2.2385
1.97,0,0,0,0,2.6977,0,2.5261,2.2722
1.971,0,0,0,0,2.6742,0,2.5041,2.3047
1.972,0,0,0,0,2.6496,0,2.4811,2.3359
1.973,0,0,0,0,2.6237,0,2.4568,2.3659
1.974,0,0,0,0,2.5966,0,2.4314,2.3945
1.975,0,0,0,0,2.5681,0,2.4047,2.4218
1.976,0,0,0,0,2.5383,0,2.3768,2.4478
1.977,0,0,0,0,2.5072,0,2.3477,2.4725
1.978,0,0,0,0,2.4748,0,2.3173,2.496
1.979,0,0,0,0,2.441,0,2.2857,2.5182
1.98,0,0,0,0,2.406,0,2.253,2.5392
1.981,0,0,0,0,2.3697,0,2.219,2.5591
1.982,0,0,0,0,2.3322,0,2.1838,2.5777
1.983,0,0,0,0,2.2934,0,2.1475,2.5953
1.984,0,0,0,0,2.2534,0,2.11,2.6117
1.985,0,0,0,0,2.2122,0,2.0715,2.6271
1.986,0,0,0,0,2.1699,0,2.0319,2.6415
1.987,0,0,0,0,2.1266,0,1.9913,2.655
1.988,0,0,0,0,2.0822,0,1.9497,2.6674
1.989,0,0,0,0,2.0368,0,1.9073,2.679
1.99,0,0,0,0,1.9906,0,1.864,2.6898
1.991,0,0,0,0,1.9435,0,1.8199,2.6997
1.992,0,0,0,0,1.8956,0,1.775,2.7089
1.993,0,0,0,0,1.8471,0,1.7296,2.7174
1.994,0,0,0,0,1.7979,0,1.6836,2.7252
1.995,0,0,0,0,1.7483,0,1.6371,2.7324
1.996,0,0,0,0,1.6981,0,1.5901,2.7389
1.997,0,0,0,0,1.6476,0,1.5428,2.7447
1.998,0,0,0,0,1.5969,0,1.4953,2.7503
1.999,0,0,0,0,1.5464,0,1.448,2.756
2,0,0,0,0,1.4957,0,1.4006,2.7612
2.001,0,0,0,0,1.4448,0,1.3529,2.7655
2.002,0,0,0,0,1.3938,0,1.3051,2.769
2.003,0,0,0,0,1.343,0,1.2576,2.7723
2.004,0,0,0,0,1.2926,0,1.2104,2.7754
2.005,0,0,0,0,1.2425,0,1.1635,2.7781
2.006,0,0,0,0,1.1929,0,1.117,2.7805
2.007,0,0,0,0,1.1438,0,1.071,2.7827
2.008,0,0,0,0,1.0954,0,1.0257,2.7847
2.009,0,0,0,0,1.0476,0,0.981,2.7864
2.01,0,0,0,0,1.0007,0,0.937,2.788
2.011,0,0,0,0,0.9546,0,0.8939,2.7894
2.012,0,0,0,0,0.9094,0,0.8516,2.7906
2.013,0,0,0,0,0.8652,0,0.8102,2.7917
2.014,0,0,0,0,0.8221,0,0.7698,2.7927
2.015,0,0,0,0,0.78,0,0.7304,2.7935
2.016,0,0,0,0,0.7391,0,0.692,2.7943
2.017,0,0,0,0,0.6993,0,0.6548,2.7949
2.018,0,0,0,0,0.6608,0,0.6187,2.7955
2.019,0,0,0,0,0.6235,0,0.5838,2.796
2.02,0,0,0,0,0.5875,0,0.5501,2.7965
2.021,0,0,0,0,0.5528,0,0.5176,2.7969
2.022,0,0,0,0,0.5193,0,0.4863,2.7972
2.023,0,0,0,0,0.4872,0,0.4562,2.7976
2.024,0,0,0,0,0.4565,0,0.4274,2.7978
2.025,0,0,0,0,0.427,0,0.3998,2.7981
2.026,0,0,0,0,0.3988,0,0.3735,2.7983
2.027,0,0,0,0,0.372,0,0.3483,2.7985
2.028,0,0,0,0,0.3464,0,0.3244,2.7987
2.029,0,0,0,0,0.3222,0,0.3017,2.7989
2.03,0,0,0,0,0.2991,0,0.2801,2.799
2.031,0,0,0,0,0.2773,0,0.2597,2.799
2.032,0,0,0,0,0.2567,0,0.2404,2.7993
2.033,0,0,0,0,0.2373,0,0.2222,2.8002
2.034,0,0,0,0,0.2191,0,0.2052,2.801
2.035,0,0,0,0,0.2019,0,0.189,2.8013
2.036,0,0,0,0,0.1857,0,0.1739,2.8013
2.037,0,0,0,0,0.1706,0,0.1598,2.8013
2.038,0,0,0,0,0.1565,0,0.1465,2.8015
2.039,0,0,0,0,0.1433,0,0.1342,2.8016
2.04,0,0,0,0,0.131,0,0.1227,2.8017
2.041,0,0,0,0,0.1196,0,0.112,2.8019
2.042,0,0,0,0,0.109,0,0.1021,2.802
2.043,0,0,0,0,0.0992,0,0.0929,2.8021
2.044,0,0,0,0,0.0901,0,0.0844,2.8023
2.045,0,0,0,0,0.0817,0,0.0765,2.8024
2.046,0,0,0,0,0.074,0,0.0693,2.8025
2.047,0,0,0,0,0.0669,0,0.0627,2.8027
2.048,0,0,0,0,0.0604,0,0.0566,2.8028
2.049,0,0,0,0,0.0544,0,0.051,2.803
2.05,0,0,0,0,0.049,0,0.0459,2.8031
2.051,0,0,0,0,0.044,0,0.0412,2.8031
2.052,0,0,0,0,0.0395,0,0.0369,2.8034
2.053,0,0,0,0,0.0353,0,0.0331,2.8042
2.054,0,0,0,0,0.0316,0,0.0296,2.805
2.055,0,0,0,0,0.0282,0,0.0264,2.8053
2.056,0,0,0,0,0.0251,0,0.0235,2.8053
2.057,0,0,0,0,0.0223,0,0.0209,2.8054
2.058,0,0,0,0,0.0198,0,0.0186,2.8056
2.059,0,0,0,0,0.0176,0,0.0165,2.8058
2.06,0,0,0,0,0.0156,0,0.0146,2.8059
2.061,0,0,0,0,0.0138,0,0.0129,2.8059
2.062,0,0,0,0,0.0121,0,0.0114,2.8062
2.063,0,0,0,0,0.0107,0,0.01,2.8071
2.064,0,0,0,0,0.0094,0,0.0088,2.808
2.065,0,0,0,0,0.0082,0,0.0077,2.8083
2.066,0,0,0,0,0.0072,0,0.0068,2.8084
2.067,0,0,0,0,0.0063,0,0.0059,2.8085
2.068,0,0,0,0,0.0055,0,0.0052,2.8088
2.069,0,0,0,0,0.0048,0,0.0045,2.809
2.07,0,0,0,0,0.0042,0,0.0039,2.8092
2.071,0,0,0,0,0.0036,0,0.0034,2.8094
2.072,0,0,0,0,0.0032,0,0.003,2.8096
2.073,0,0,0,0,0.0027,0,0.0026,2.8098
2.074,0,0,0,0,0.0024,0,0.0022,2.8101
2.075,0,0,0,0,0.002,0,0.0019,2.8104
2.076,0,0,0,0,0.0018,0,0.0016,2.8106
2.077,0,0,0,0,0.0015,0,0.0014,2.8107
2.078,0,0,0,0,0.0013,0,0.0012,2.8111
2.079,0,0,0,0,0.0011,0,0.001,2.812
2.08,0,0,0,0,0.001,0,0.0009,2.813
2.081,0,0,0,0,0.0008,0,0.0008,2.8134
2.082,0,0,0,0,0.0007,0,0.0006,2.8136
2.083,0,0,0,0,0.0006,0,0.0006,2.8138
2.084,0,0,0,0,0.0005,0,0.0005,2.8141
2.085,0,0,0,0,0.0004,0,0.0004,2.8144
2.086,0,0,0,0,0.0004,0,0.0003,2.8147
2.087,0,0,0,0,0.0003,0,0.0003,2.815
2.088,0,0,0,0,0.0003,0,0.0002,2.8153
2.089,0,0,0,0,0.0002,0,0.0002,2.8157
2.09,0,0,0,0,0.0002,0,0.0002,2.816
2.091,0,0,0,0,0.0002,0,0.0001,2.8163
2.092,0,0,0,0,0.0001,0,0.0001,2.8166
2.093,0,0,0,0,0.0001,0,0.0001,2.817
2.094,0,0,0,0,0.0001,0,0.0001,2.8173
2.095,0,0,0,0,0.0001,0,0.0001,2.8177
2.096,0,0,0,0,0.0001,0,0.0001,2.818
2.097,0,0,0,0,0.0001,0,0,2.8184
2.098,0,0,0,0,0,0,0,2.8187
2.099,0,0,0,0,0,0,0,2.8191
2.1,0,0,0,0,0,0,0,2.8195
2.101,0,0,0,0,0,0,0,2.8199
2.102,0,0,0,0,0,0,0,2.8204
2.103,0,0,0,0,0,0,0,2.8209
2.104,0,0,0,0,0,0,0,2.8214
2.105,0,0,0,0,0,0,0,2.8219
2.106,0,0,0,0,0,0,0,2.8224
2.107,0,0,0,0,0,0,0,2.8229
2.108,0,0,0,0,0,0,0,2.8234
2.109,0,0,0,0,0,0,0,2.8239
2.11,0,0,0,0,0,0,0,2.8245
2.111,0,0,0,0,0,0,0,2.8251
2.112,0,0,0,0,0,0,0,2.8256
2.113,0,0,0,0,0,0,0,2.826
2.114,0,0,0,0,0,0,0,2.8267
2.115,0,0,0,0,0,0,0,2.828
2.116,0,0,0,0,0,0,0,2.8292
2.117,0,0,0,0,0,0,0,2.8299
2.118,0,0,0,0,0,0,0,2.8303
2.119,0,0,0,0,0,0,0,2.831
2.12,0,0,0,0,0,0,0,2.8315
2.121,0,0,0,0,0,0,0,2.8313
2.122,0,0,0,0,0,0,0,2.8311
2.123,0,0,0,0,0,0,0,2.8316
2.124,0,0,0,0,0,0,0,2.8322
2.125,0,0,0,0,0,0,0,2.8327
2.126,0,0,0,0,0,0,0,2.8333
2.127,0,0,0,0,0,0,0,2.8346
2.128,0,0,0,0,0,0,0,2.8358
2.129,0,0,0,0,0,0,0,2.8365
2.13,0,0,0,0,0,0,0,2.8369
2.131,0,0,0,0,0,0,0,2.8373
2.132,0,0,0,0,0,0,0,2.8379
2.133,0,0,0,0,0,0,0,2.8384
2.134,0,0,0,0,0,0,0,2.8388
2.135,0,0,0,0,0,0,0,2.8393
2.136,0,0,0,0,0,0,0,2.8397
2.137,0,0,0,0,0,0,0,2.8402
2.138,0,0,0,0,0,0,0,2.8406
2.139,0,0,0,0,0,0,0,2.8411
2.14,0,0,0,0,0,0,0,2.8414
2.141,0,0,0,0,0,0,0,2.8417
2.142,0,0,0,0,0,0,0,2.8422
2.143,0,0,0,0,0,0,0,2.8432
2.144,0,0,0,0,0,0,0,2.8443
2.145,0,0,0,0,0,0,0,2.8448
2.146,0,0,0,0,0,0,0,2.8449
2.147,0,0,0,0,0,0,0,2.8451
2.148,0,0,0,0,0,0,0,2.8454
2.149,0,0,0,0,0,0,0,2.8457
2.15,0,0,0,0,0,0,0,2.8459
2.151,0,0,0,0,0,0,0,2.846
2.152,0,0,0,0,0,0,0,2.8462
2.153,0,0,0,0,0,0,0,2.8463
2.154,0,0,0,0,0,0,0,2.8464
2.155,0,0,0,0,0,0,0,2.8465
2.156,0,0,0,0,0,0,0,2.8466
2.157,0,0,0,0,0,0,0,2.8466
2.158,0,0,0,0,0,0,0,2.8467
2.159,0,0,0,0,0,0,0,2.8467
2.16,0,0,0,0,0,0,0,2.8467
2.161,0,0,0,0,0,0,0,2.8467
2.162,0,0,0,0,0,0,0,2.8467
2.163,0,0,0,0,0,0,0,2.8465
2.164,0,0,0,0,0,0,0,2.8466
2.165,0,0,0,0,0,0,0,2.8473
2.166,0,0,0,0,0,0,0,2.8479
2.167,0,0,0,0,0,0,0,2.848
2.168,0,0,0,0,0,0,0,2.8477
2.169,0,0,0,0,0,0,0,2.8475
2.17,0,0,0,0,0,0,0,2.8474
2.171,0,0,0,0,0,0,0,2.8473
2.172,0,0,0,0,0,0,0,2.8471
2.173,0,0,0,0,0,0,0,2.847
2.174,0,0,0,0,0,0,0,2.8468
2.175,0,0,0,0,0,0,0,2.8466
2.176,0,0,0,0,0,0,0,2.8464
2.177,0,0,0,0,0,0,0,2.8462
2.178,0,0,0,0,0,0,0,2.8459
2.179,0,0,0,0,0,0,0,2.8457
2.18,0,0,0,0,0,0,0,2.8454
2.181,0,0,0,0,0,0,0,2.8452
2.182,0,0,0,0,0,0,0,2.8449
2.183,0,0,0,0,0,0,0,2.8446
2.184,0,0,0,0,0,0,0,2.8443
2.185,0,0,0,0,0,0,0,2.844
2.186,0,0,0,0,0,0,0,2.8437
2.187,0,0,0,0,0,0,0,2.8434
2.188,0,0,0,0,0,0,0,2.8431
2.189,0,0,0,0,0,0,0,2.8428
2.19,0,0,0,0,0,0,0,2.8424
2.191,0,0,0,0,0,0,0,2.8419
2.192,0,0,0,0,0,0,0,2.8417
2.193,0,0,0,0,0,0,0,2.842
2.194,0,0,0,0,0,0,0,2.8424
2.195,0,0,0,0,0,0,0,2.8422
2.196,0,0,0,0,0,0,0,2.8416
2.197,0,0,0,0,0,0,0,2.841
2.198,0,0,0,0,0,0,0,2.8407
2.199,0,0,0,0,0,0,0,2.8411
2.2,0,0,0,0,0,0,0,2.8413
2.201,0,0,0,0,0,0,0,2.8409
2.202,0,0,0,0,0,0,0,2.8405
2.203,0,0,0,0,0,0,0,2.8407
2.204,0,0,0,0,0,0,0,2.841
2.205,0,0,0,0,0,0,0,2.8407
2.206,0,0,0,0,0,0,0,2.84
2.207,0,0,0,0,0,0,0,2.8395
2.208,0,0,0,0,0,0,0,2.839
2.209,0,0,0,0,0,0,0,2.8384
2.21,0,0,0,0,0,0,0,2.8378
2.211,0,0,0,0,0,0,0,2.8371
2.212,0,0,0,0,0,0,0,2.8365
2.213,0,0,0,0,0,0,0,2.836
2.214,0,0,0,0,0,0,0,2.8351
2.215,0,0,0,0,0,0,0,2.8335
2.216,0,0,0,0,0,0,0,2.8321
2.217,0,0,0,0,0,0,0,2.8319
2.218,0,0,0,0,0,0,0,2.8318
2.219,0,0,0,0,0,0,0,2.8311
2.22,0,0,0,0,0,0,0,2.8299
2.221,0,0,0,0,0,0,0,2.829
2.222,0,0,0,0,0,0,0,2.8278
2.223,0,0,0,0,0,0,0,2.8259
2.224,0,0,0,0,0,0,0,2.8239
2.225,0,0,0,0,0,0,0,2.8224
2.226,0,0,0,0,0,0,0,2.8211
2.227,0,0,0,0,0,0,0,2.8196
2.228,0,0,0,0,0,0,0,2.8179
2.229,0,0,0,0,0,0,0,2.8162
2.23,0,0,0,0,0,0,0,2.8143
2.231,0,0,0,0,0,0,0,2.8123
2.232,0,0,0,0,0,0,0,2.8101
2.233,0,0,0,0,0,0,0,2.8078
2.234,0,0,0,0,0,0,0,2.8053
2.235,0,0,0,0,0,0,0,2.8026
2.236,0,0,0,0,0,0,0,2.7997
2.237,0,0,0,0,0,0,0,2.7964
2.238,0,0,0,0,0,0,0,2.7932
2.239,0,0,0,0,0,0,0,2.7903
2.24,0,0,0,0,0,0,0,2.7872
2.241,0,0,0,0,0,0,0,2.7833
2.242,0,0,0,0,0,0,0,2.7786
2.243,0,0,0,0,0,0,0,2.7737
2.244,0,0,0,0,0,0,0,2.7687
2.245,0,0,0,0,0,0,0,2.764
2.246,0,0,0,0,0,0,0,2.7588
2.247,0,0,0,0,0,0,0,2.7527
2.248,0,0,0,0,0,0,0,2.7458
2.249,0,0,0,0,0,0,0,2.7385
2.25,0,0,0,0,0,0,0,2.731
2.251,0,0,0,0,0,0,0,2.7238
2.252,0,0,0,0,0,0,0,2.7161
2.253,0,0,0,0,0,0,0,2.7072
2.254,0,0,0,0,0,0,0,2.6975
2.255,0,0,0,0,0,0,0,2.6875
2.256,0,0,0,0,0,0,0,2.6766
2.257,0,0,0,0,0,0,0,2.6644
2.258,0,0,0,0,0,0,0,2.6516
2.259,0,0,0,0,0,0,0,2.6386
2.26,0,0,0,0,0,0,0,2.6252
2.261,0,0,0,0,0,0,0,2.6109
2.262,0,0,0,0,0,0,0,2.5957
2.263,0,0,0,0,0,0,0,2.5798
2.264,0,0,0,0,0,0,0,2.5631
2.265,0,0,0,0,0,0,0,2.5455
2.266,0,0,0,0,0,0,0,2.527
2.267,0,0,0,0,0,0,0,2.5076
2.268,0,0,0,0,0,0,0,2.4874
2.269,0,0,0,0,0,0,0,2.4662
2.27,0,0,0,0,0,0,0,2.4441
2.271,0,0,0,0,0,0,0,2.4211
2.272,0,0,0,0,0,0,0,2.3971
2.273,0,0,0,0,0,0,0,2.3722
2.274,0,0,0,0,0,0,0,2.3463
2.275,0,0,0,0,0,0,0,2.3195
2.276,0,0,0,0,0,0,0,2.2918
2.277,0,0,0,0,0,0,0,2.2631
2.278,0,0,0,0,0,0,0,2.2335
2.279,0,0,0,0,0,0,0,2.2029
2.28,0,0,0,0,0,0,0,2.1715
2.281,0,0,0,0,0,0,0,2.1392
2.282,0,0,0,0,0,0,0,2.106
2.283,0,0,0,0,0,0,0,2.072
2.284,0,0,0,0,0,0,0,2.0371
2.285,0,0,0,0,0,0,0,2.0015
2.286,0,0,0,0,0,0,0,1.9651
2.287,0,0,0,0,0,0,0,1.9281
2.288,0,0,0,0,0,0,0,1.8903
2.289,0,0,0,0,0,0,0,1.8519
2.29,0,0,0,0,0,0,0,1.813
2.291,0,0,0,0,0,0,0,1.7734
2.292,0,0,0,0,0,0,0,1.7335
2.293,0,0,0,0,0,0,0,1.693
2.294,0,0,0,0,0,0,0,1.6522
2.295,0,0,0,0,0,0,0,1.6109
2.296,0,0,0,0,0,0,0,1.5695
2.297,0,0,0,0,0,0,0,1.5282
2.298,0,0,0,0,0,0,0,1.4867
2.299,0,0,0,0,0,0,0,1.4448
2.3,0,0,0,0,0,0,0,1.4027
2.301,0,0,0,0,0,0,0,1.3608
2.302,0,0,0,0,0,0,0,1.3189
2.303,0,0,0,0,0,0,0,1.2768
2.304,0,0,0,0,0,0,0,1.235
2.305,0,0,0,0,0,0,0,1.1936
2.306,0,0,0,0,0,0,0,1.1527
2.307,0,0,0,0,0,0,0,1.112
2.308,0,0,0,0,0,0,0,1.0718
2.309,0,0,0,0,0,0,0,1.0323
2.31,0,0,0,0,0,0,0,0.9932
2.311,0,0,0,0,0,0,0,0.9545
2.312,0,0,0,0,0,0,0,0.9163
2.313,0,0,0,0,0,0,0,0.8787
2.314,0,0,0,0,0,0,0,0.8419
2.315,0,0,0,0,0,0,0,0.8058
2.316,0,0,0,0,0,0,0,0.7704
2.317,0,0,0,0,0,0,0,0.7358
2.318,0,0,0,0,0,0,0,0.702
2.319,0,0,0,0,0,0,0,0.6689
2.32,0,0,0,0,0,0,0,0.6367
2.321,0,0,0,0,0,0,0,0.6055
2.322,0,0,0,0,0,0,0,0.5752
2.323,0,0,0,0,0,0,0,0.5459
2.324,0,0,0,0,0,0,0,0.5175
2.325,0,0,0,0,0,0,0,0.49
2.326,0,0,0,0,0,0,0,0.4634
2.327,0,0,0,0,0,0,0,0.438
2.328,0,0,0,0,0,0,0,0.4134
2.329,0,0,0,0,0,0,0,0.3897
2.33,0,0,0,0,0,0,0,0.3669
2.331,0,0,0,0,0,0,0,0.345
2.332,0,0,0,0,0,0,0,0.3241
2.333,0,0,0,0,0,0,0,0.3041
2.334,0,0,0,0,0,0,0,0.285
2.335,0,0,0,0,0,0,0,0.2668
2.336,0,0,0,0,0,0,0,0.2495
2.337,0,0,0,0,0,0,0,0.2331
2.338,0,0,0,0,0,0,0,0.2175
2.339,0,0,0,0,0,0,0,0.2026
2.34,0,0,0,0,0,0,0,0.1886
2.341,0,0,0,0,0,0,0,0.1753
2.342,0,0,0,0,0,0,0,0.1628
2.343,0,0,0,0,0,0,0,0.151
2.344,0,0,0,0,0,0,0,0.1399
2.345,0,0,0,0,0,0,0,0.1294
2.346,0,0,0,0,0,0,0,0.1195
2.347,0,0,0,0,0,0,0,0.1103
2.348,0,0,0,0,0,0,0,0.1016
2.349,0,0,0,0,0,0,0,0.0935
2.35,0,0,0,0,0,0,0,0.086
2.351,0,0,0,0,0,0,0,0.079
2.352,0,0,0,0,0,0,0,0.0724
2.353,0,0,0,0,0,0,0,0.0664
2.354,0,0,0,0,0,0,0,0.0607
2.355,0,0,0,0,0,0,0,0.0555
2.356,0,0,0,0,0,0,0,0.0506
2.357,0,0,0,0,0,0,0,0.0461
2.358,0,0,0,0,0,0,0,0.042
2.359,0,0,0,0,0,0,0,0.0382
2.36,0,0,0,0,0,0,0,0.0347
2.361,0,0,0,0,0,0,0,0.0314
2.362,0,0,0,0,0,0,0,0.0285
2.363,0,0,0,0,0,0,0,0.0257
2.364,0,0,0,0,0,0,0,0.0233
2.365,0,0,0,0,0,0,0,0.021
2.366,0,0,0,0,0,0,0,0.0189
2.367,0,0,0,0,0,0,0,0.017
2.368,0,0,0,0,0,0,0,0.0153
2.369,0,0,0,0,0,0,0,0.0137
2.37,0,0,0,0,0,0,0,0.0123
2.371,0,0,0,0,0,0,0,0.011
2.372,0,0,0,0,0,0,0,0.0099
2.373,0,0,0,0,0,0,0,0.0088
2.374,0,0,0,0,0,0,0,0.0079
2.375,0,0,0,0,0,0,0,0.007
2.376,0,0,0,0,0,0,0,0.0062
2.377,0,0,0,0,0,0,0,0.0055
2.378,0,0,0,0,0,0,0,0.0049
2.379,0,0,0,0,0,0,0,0.0044
2.38,0,0,0,0,0,0,0,0.0039
2.381,0,0,0,0,0,0,0,0.0034
2.382,0,0,0,0,0,0,0,0.003
2.383,0,0,0,0,0,0,0,0.0026
2.384,0,0,0,0,0,0,0,0.0023
2.385,0,0,0,0,0,0,0,0.0021
2.386,0,0,0,0,0,0,0,0.0018
2.387,0,0,0,0,0,0,0,0.0016
2.388,0,0,0,0,0,0,0,0.0014
2.389,0,0,0,0,0,0,0,0.0012
2.39,0,0,0,0,0,0,0,0.0011
2.391,0,0,0,0,0,0,0,0.0009
2.392,0,0,0,0,0,0,0,0.0008
2.393,0,0,0,0,0,0,0,0.0007
2.394,0,0,0,0,0,0,0,0.0006
2.395,0,0,0,0,0,0,0,0.0005
2.396,0,0,0,0,0,0,0,0.0005
2.397,0,0,0,0,0,0,0,0.0004
2.398,0,0,0,0,0,0,0,0.0003
2.399,0,0,0,0,0,0,0,0.0003
2.4,0,0,0,0,0,0,0,0.0003
2.401,0,0,0,0,0,0,0,0.0002
2.402,0,0,0,0,0,0,0,0.0002
2.403,0,0,0,0,0,0,0,0.0002
2.404,0,0,0,0,0,0,0,0.0001
2.405,0,0,0,0,0,0,0,0.0001
2.406,0,0,0,0,0,0,0,0.0001
2.407,0,0,0,0,0,0,0,0.0001
2.408,0,0,0,0,0,0,0,0.0001
2.409,0,0,0,0,0,0,0,0.0001
2.41,0,0,0,0,0,0,0,0.0001
2.411,0,0,0,0,0,0,0,0
2.412,0,0,0,0,0,0,0,0
2.413,0,0,0,0,0,0,0,0
2.414,0,0,0,0,0,0,0,0
2.415,0,0,0,0,0,0,0,0
2.416,0,0,0,0,0,0,0,0
2.417,0,0,0,0,0,0,0,0
2.418,0,0,0,0,0,0,0,0
2.419,0,0,0,0,0,0,0,0
2.42,0,0,0,0,0,0,0,0
2.421,0,0,0,0,0,0,0,0
2.422,0,0,0,0,0,0,0,0
2.423,0,0,0,0,0,0,0,0
2.424,0,0,0,0,0,0,0,0
2.425,0,0,0,0,0,0,0,0
2.426,0,0,0,0,0,0,0,0
2.427,0,0,0,0,0,0,0,0
2.428,0,0,0,0,0,0,0,0
2.429,0,0,0,0,0,0,0,0
2.43,0,0,0,0,0,0,0,0
2.431,0,0,0,0,0,0,0,0
2.432,0,0,0,0,0,0,0,0
2.433,0,0,0,0,0,0,0,0
2.434,0,0,0,0,0,0,0,0
2.435,0,0,0,0,0,0,0,0
2.436,0,0,0,0,0,0,0,0
2.437,0,0,0,0,0,0,0,0
2.438,0,0,0,0,0,0,0,0
2.439,0,0,0,0,0,0,0,0
2.44,0,0,0,0,0,0,0,0
2.441,0,0,0,0,0,0,0,0
2.442,0,0,0,0,0,0,0,0
2.443,0,0,0,0,0,0,0,0
2.444,0,0,0,0,0,0,0,0
2.445,0,0,0,0,0,0,0,0
2.446,0,0,0,0,0,0,0,0
2.447,0,0,0,0,0,0,0,0
2.448,0,0,0,0,0,0,0,0
2.449,0,0,0,0,0,0,0,0
2.45,0,0,0,0,0,0,0,0
2.451,0,0,0,0,0,0,0,0
2.452,0,0,0,0,0,0,0,0
2.453,0,0,0,0,0,0,0,0
2.454,0,0,0,0,0,0,0,0
2.455,0,0,0,0,0,0,0,0
2.456,0,0,0,0,0,0,0,0
2.457,0,0,0,0,0,0,0,0
2.458,0,0,0,0,0,0,0,0
2.459,0,0,0,0,0,0,0,0
2.46,0,0,0,0,0,0,0,0
2.461,0,0,0,0,0,0,0,0
2.462,0,0,0,0,0,0,0,0
2.463,0,0,0,0,0,0,0,0
2.464,0,0,0,0,0,0,0,0
2.465,0,0,0,0,0,0,0,0
2.466,0,0,0,0,0,0,0,0
2.467,0,0,0,0,0,0,0,0
2.468,0,0,0,0,0,0,0,0
2.469,0,0,0,0,0,0,0,0
2.47,0,0,0,0,0,0,0,0
2.471,0,0,0,0,0,0,0,0
2.472,0,0,0,0,0,0,0,0
2.473,0,0,0,0,0,0,0,0
2.474,0,0,0,0,0,0,0,0
2.475,0,0,0,0,0,0,0,0
2.476,0,0,0,0,0,0,0,0
2.477,0,0,0,0,0,0,0,0
2.478,0,0,0,0,0,0,0,0
2.479,0,0,0,0,0,0,0,0
2.48,0,0,0,0,0,0,0,0
2.481,0,0,0,0,0,0,0,0
2.482,0,0,0,0,0,0,0,0
2.483,0,0,0,0,0,0,0,0
2.484,0,0,0,0,0,0,0,0
2.485,0,0,0,0,0,0,0,0
2.486,0,0,0,0,0,0,0,0
2.487,0,0,0,0,0,0,0,0
2.488,0,0,0,0,0,0,0,0
2.489,0,0,0,0,0,0,0,0
2.49,0,0,0,0,0,0,0,0
2.491,0,0,0,0,0,0,0,0
2.492,0,0,0,0,0,0,0,0
2.493,0,0,0,0,0,0,0,0
2.494,0,0,0,0,0,0,0,0
2.495,0,0,0,0,0,0,0,0
2.496,0,0,0,0,0,0,0,0
2.497,0,0,0,0,0,0,0,0
2.498,0,0,0,0,0,0,0,0
2.499,0,0,0,0,0,0,0,0
2.5,0,0,0,0,0,0,0,0
2.501,0,0,0,0,0,0,0,0
2.502,0,0,0,0,0,0,0,0
2.503,0,0,0,0,0,0,0,0
2.504,0,0,0,0,0,0,0,0
2.505,0,0,0,0,0,0,0,0
2.506,0,0,0,0,0,0,0,0
2.507,0,0,0,0,0,0,0,0
2.508,0,0,0,0,0,0,0,0
2.509,0,0,0,0,0,0,0,0
2.51,0,0,0,0,0,0,0,0
2.511,0,0,0,0,0,0,0,0
2.512,0,0,0,0,0,0,0,0
2.513,0,0,0,0,0,0,0,0
2.514,0,0,0,0,0,0,0,0
2.515,0,0,0,0,0,0,0,0
2.516,0,0,0,0,0,0,0,0
2.517,0,0,0,0,0,0,0,0
2.518,0,0,0,0,0,0,0,0
2.519,0,0,0,0,0,0,0,0
2.52,0,0,0,0,0,0,0,0
2.521,0,0,0,0,0,0,0,0
2.522,0,0,0,0,0,0,0,0
2.523,0,0,0,0,0,0,0,0
2.524,0,0,0,0,0,0,0,0
2.525,0,0,0,0,0,0,0,0
2.526,0,0,0,0,0,0,0,0
2.527,0,0,0,0,0,0,0,0
2.528,0,0,0,0,0,0,0,0
2.529,0,0,0,0,0,0,0,0
2.53,0,0,0,0,0,0,0,0
2.531,0,0,0,0,0,0,0,0
2.532,0,0,0,0,0,0,0,0
2.533,0,0,0,0,0,0,0,0
2.534,0,0,0,0,0,0,0,0
2.535,0,0,0,0,0,0,0,0
2.536,0,0,0,0,0,0,0,0
2.537,0,0,0,0,0,0,0,0
2.538,0,0,0,0,0,0,0,0
2.539,0,0,0,0,0,0,0,0
2.54,0,0,0,0,0,0,0,0
2.541,0,0,0,0,0,0,0,0
2.542,0,0,0,0,0,0,0,0
2.543,0,0,0,0,0,0,0,0
2.544,0,0,0,0,0,0,0,0
2.545,0,0,0,0,0,0,0,0
2.546,0,0,0,0,0,0,0,0
2.547,0,0,0,0,0,0,0,0
2.548,0,0,0,0,0,0,0,0
2.549,0,0,0,0,0,0,0,0
2.55,0,0,0,0,0,0,0,0
2.551,0,0,0,0,0,0,0,0
2.552,0,0,0,0,0,0,0,0
2.553,0,0,0,0,0,0,0,0
2.554,0,0,0,0,0,0,0,0
2.555,0,0,0,0,0,0,0,0
2.556,0,0,0,0,0,0,0,0
2.557,0,0,0,0,0,0,0,0
2.558,0,0,0,0,0,0,0,0
2.559,0,0,0,0,0,0,0,0
2.56,0,0,0,0,0,0,0,0
2.561,0,0,0,0,0,0,0,0
2.562,0,0,0,0,0,0,0,0
2.563,0,0,0,0,0,0,0,0
2.564,0,0,0,0,0,0,0,0
2.565,0,0,0,0,0,0,0,0
2.566,0,0,0,0,0,0,0,0
2.567,0,0,0,0,0,0,0,0
2.568,0,0,0,0,0,0,0,0
2.569,0,0,0,0,0,0,0,0
2.57,0,0,0,0,0,0,0,0
2.571,0,0,0,0,0,0,0,0
2.572,0,0,0,0,0,0,0,0
2.573,0,0,0,0,0,0,0,0
2.574,0,0,0,0,0,0,0,0
2.575,0,0,0,0,0,0,0,0
2.576,0,0,0,0,0,0,0,0
2.577,0,0,0,0,0,0,0,0
2.578,0,0,0,0,0,0,0,0
2.579,0,0,0,0,0,0,0,0
2.58,0,0,0,0,0,0,0,0
2.581,0,0,0,0,0,0,0,0
2.582,0,0,0,0,0,0,0,0
2.583,0,0,0,0,0,0,0,0
2.584,0,0,0,0,0,0,0,0
2.585,0,0,0,0,0,0,0,0
2.586,0,0,0,0,0,0,0,0
2.587,0,0,0,0,0,0,0,0
2.588,0,0,0,0,0,0,0,0
2.589,0,0,0,0,0,0,0,0
2.59,0,0,0,0,0,0,0,0
2.591,0,0,0,0,0,0,0,0
2.592,0,0,0,0,0,0,0,0
2.593,0,0,0,0,0,0,0,0
2.594,0,0,0,0,0,0,0,0
2.595,0,0,0,0,0,0,0,0
2.596,0,0,0,0,0,0,0,0
2.597,0,0,0,0,0,0,0,0
2.598,0,0,0,0,0,0,0,0
2.599,0,0,0,0,0,0,0,0
